crop_id,frame_number,track_id,timestamp,raw_ocr,normalized_ocr,ocr_confidence,plate_detector_confidence,indian_format,indian_validation_reason,temporal_consistency,human_ground_truth,human_result
plate_crop_001.png,1,TRK_101,0.038,KH527,KH527,0.941,1.0,FORMAT_MISMATCH,val_conf=0.40,0.0,,
plate_crop_002.png,1,TRK_102,0.038,0525,0525,0.7,1.0,INVALID,val_conf=0.00,0.0,,
plate_crop_003.png,1,TRK_103,0.038,,,0.0,1.0,INVALID,val_conf=0.00,0.0,,
plate_crop_004.png,3,TRK_104,0.114,,,0.0,1.0,INVALID,val_conf=0.00,0.0,,
plate_crop_005.png,6,TRK_102,0.228,B339,B339,0.7,1.0,INVALID,val_conf=0.00,0.0,,
plate_crop_006.png,8,TRK_104,0.304,LES,LES,0.7,1.0,INVALID,val_conf=0.00,0.0,,
plate_crop_007.png,23,TRK_107,0.873,,,0.0,1.0,INVALID,val_conf=0.00,0.0,,
plate_crop_008.png,26,TRK_108,0.987,,,0.0,1.0,INVALID,val_conf=0.00,0.0,,
plate_crop_009.png,41,TRK_108,1.557,TI,TI,0.7,1.0,INVALID,val_conf=0.00,0.0,,
plate_crop_010.png,50,TRK_106,1.899,,,0.0,1.0,INVALID,val_conf=0.00,0.0,,
plate_crop_011.png,60,TRK_106,2.279,17,17,0.7,1.0,INVALID,val_conf=0.00,0.0,,
plate_crop_012.png,90,TRK_109,3.418,,,0.0,1.0,INVALID,val_conf=0.00,0.0,,
plate_crop_013.png,98,TRK_110,3.722,,,0.0,1.0,INVALID,val_conf=0.00,0.0,,
plate_crop_014.png,98,TRK_111,3.722,,,0.0,1.0,INVALID,val_conf=0.00,0.0,,
plate_crop_001.png,1,TRK_101,0.038,KH5271,KH5271,0.7,1.0,FORMAT_MISMATCH,val_conf=0.40,0.0,,
plate_crop_002.png,1,TRK_102,0.038,0525,0525,0.7,1.0,INVALID,val_conf=0.00,0.0,,
plate_crop_003.png,1,TRK_103,0.038,,,0.0,1.0,INVALID,val_conf=0.00,0.0,,
plate_crop_004.png,3,TRK_104,0.114,,,0.0,1.0,INVALID,val_conf=0.00,0.0,,
plate_crop_005.png,6,TRK_101,0.228,KW527,KW527,0.952,1.0,FORMAT_MISMATCH,val_conf=0.40,0.0,,
plate_crop_006.png,6,TRK_102,0.228,B339,B339,0.7,1.0,INVALID,val_conf=0.00,0.0,,
plate_crop_007.png,8,TRK_104,0.304,00,00,0.7,1.0,INVALID,val_conf=0.00,0.0,,
plate_crop_008.png,23,TRK_107,0.873,,,0.0,1.0,INVALID,val_conf=0.00,0.0,,
plate_crop_009.png,26,TRK_108,0.987,,,0.0,1.0,INVALID,val_conf=0.00,0.0,,
plate_crop_010.png,31,TRK_108,1.177,E44E,E44E,0.7,1.0,INVALID,val_conf=0.00,0.0,,
plate_crop_011.png,50,TRK_106,1.899,,,0.0,1.0,INVALID,val_conf=0.00,0.0,,
plate_crop_012.png,65,TRK_106,2.468,H50,H50,0.7,1.0,INVALID,val_conf=0.00,0.0,,
plate_crop_013.png,90,TRK_109,3.418,XA,XA,0.7,1.0,INVALID,val_conf=0.00,0.0,,
plate_crop_014.png,98,TRK_110,3.722,5131,5131,0.7,1.0,INVALID,val_conf=0.00,0.0,,
plate_crop_015.png,98,TRK_111,3.722,,,0.0,1.0,INVALID,val_conf=0.00,0.0,,
plate_crop_001.png,1,TRK_101,0.038,K527,K527,1.0,1.0,INVALID,val_conf=0.00,0.0,,
plate_crop_002.png,1,TRK_102,0.038,08525,08525,0.358,1.0,INVALID,val_conf=0.10,0.0,,
plate_crop_003.png,1,TRK_103,0.038,,,0.0,1.0,INVALID,val_conf=0.00,0.0,,
plate_crop_004.png,3,TRK_104,0.114,,,0.0,1.0,INVALID,val_conf=0.00,0.0,,
plate_crop_005.png,6,TRK_101,0.228,K4527,K4527,0.925,1.0,FORMAT_MISMATCH,val_conf=0.40,0.0,,
plate_crop_006.png,6,TRK_102,0.228,B3,B3,0.572,1.0,INVALID,val_conf=0.00,0.0,,
plate_crop_007.png,8,TRK_104,0.304,00,00,0.139,1.0,INVALID,val_conf=0.00,0.0,,
plate_crop_008.png,23,TRK_107,0.873,,,0.0,1.0,INVALID,val_conf=0.00,0.0,,
plate_crop_009.png,26,TRK_108,0.987,,,0.0,1.0,INVALID,val_conf=0.00,0.0,,
plate_crop_010.png,31,TRK_108,1.177,E44E,E44E,0.21,1.0,INVALID,val_conf=0.00,0.0,,
plate_crop_011.png,50,TRK_106,1.899,,,0.0,1.0,INVALID,val_conf=0.00,0.0,,
plate_crop_012.png,65,TRK_106,2.468,K3,K3,0.518,1.0,INVALID,val_conf=0.00,0.0,,
plate_crop_013.png,90,TRK_109,3.418,XA,XA,0.037,1.0,INVALID,val_conf=0.00,0.0,,
plate_crop_014.png,98,TRK_110,3.722,5131,5131,0.051,1.0,INVALID,val_conf=0.00,0.0,,
plate_crop_015.png,98,TRK_111,3.722,,,0.0,1.0,INVALID,val_conf=0.00,0.0,,
plate_crop_001.png,1,TRK_101,0.038,K527,K527,1.0,1.0,INVALID,val_conf=0.00,0.0,,
plate_crop_002.png,1,TRK_102,0.038,08525,08525,0.358,1.0,INVALID,val_conf=0.10,0.0,,
plate_crop_003.png,1,TRK_103,0.038,,,0.0,1.0,INVALID,val_conf=0.00,0.0,,
plate_crop_004.png,3,TRK_104,0.114,,,0.0,1.0,INVALID,val_conf=0.00,0.0,,
plate_crop_005.png,6,TRK_101,0.228,527,527,1.0,1.0,INVALID,val_conf=0.00,0.0,,
plate_crop_006.png,6,TRK_102,0.228,B3,B3,0.572,1.0,INVALID,val_conf=0.00,0.0,,
plate_crop_007.png,8,TRK_104,0.304,00,00,0.139,1.0,INVALID,val_conf=0.00,0.0,,
plate_crop_008.png,23,TRK_107,0.873,,,0.0,1.0,INVALID,val_conf=0.00,0.0,,
plate_crop_009.png,26,TRK_108,0.987,,,0.0,1.0,INVALID,val_conf=0.00,0.0,,
plate_crop_010.png,31,TRK_108,1.177,E44E,E44E,0.21,1.0,INVALID,val_conf=0.00,0.0,,
plate_crop_011.png,50,TRK_106,1.899,,,0.0,1.0,INVALID,val_conf=0.00,0.0,,
plate_crop_012.png,65,TRK_106,2.468,K3,K3,0.518,1.0,INVALID,val_conf=0.00,0.0,,
plate_crop_013.png,90,TRK_109,3.418,XA,XA,0.037,1.0,INVALID,val_conf=0.00,0.0,,
plate_crop_014.png,98,TRK_110,3.722,5131,5131,0.051,1.0,INVALID,val_conf=0.00,0.0,,
plate_crop_015.png,98,TRK_111,3.722,,,0.0,1.0,INVALID,val_conf=0.00,0.0,,
plate_crop_001.png,1,TRK_101,0.038,K527,K527,1.0,1.0,INVALID,val_conf=0.00,0.0,,
plate_crop_002.png,1,TRK_102,0.038,08525,08525,0.358,1.0,INVALID,val_conf=0.10,0.0,,
plate_crop_003.png,1,TRK_103,0.038,,,0.0,1.0,INVALID,val_conf=0.00,0.0,,
plate_crop_004.png,3,TRK_104,0.114,,,0.0,1.0,INVALID,val_conf=0.00,0.0,,
plate_crop_005.png,6,TRK_101,0.228,KW527,KW527,0.952,1.0,FORMAT_MISMATCH,val_conf=0.40,0.0,,
plate_crop_006.png,6,TRK_102,0.228,B3,B3,0.572,1.0,INVALID,val_conf=0.00,0.0,,
plate_crop_007.png,8,TRK_104,0.304,00,00,0.139,1.0,INVALID,val_conf=0.00,0.0,,
plate_crop_008.png,23,TRK_107,0.873,,,0.0,1.0,INVALID,val_conf=0.00,0.0,,
plate_crop_009.png,26,TRK_108,0.987,,,0.0,1.0,INVALID,val_conf=0.00,0.0,,
plate_crop_010.png,31,TRK_108,1.177,E44E,E44E,0.21,1.0,INVALID,val_conf=0.00,0.0,,
plate_crop_011.png,50,TRK_106,1.899,,,0.0,1.0,INVALID,val_conf=0.00,0.0,,
plate_crop_012.png,65,TRK_106,2.468,K3,K3,0.518,1.0,INVALID,val_conf=0.00,0.0,,
plate_crop_013.png,90,TRK_109,3.418,XA,XA,0.037,1.0,INVALID,val_conf=0.00,0.0,,
plate_crop_014.png,98,TRK_110,3.722,5131,5131,0.051,1.0,INVALID,val_conf=0.00,0.0,,
plate_crop_015.png,98,TRK_111,3.722,,,0.0,1.0,INVALID,val_conf=0.00,0.0,,
plate_crop_001.png,1,TRK_101,0.038,KW527,KW527,0.998,1.0,FORMAT_MISMATCH,val_conf=0.40,0.0,,
plate_crop_002.png,1,TRK_102,0.038,,,0.0,1.0,INVALID,val_conf=0.00,0.0,,
plate_crop_003.png,1,TRK_103,0.038,,,0.0,1.0,INVALID,val_conf=0.00,0.0,,
plate_crop_004.png,3,TRK_104,0.114,,,0.0,1.0,INVALID,val_conf=0.00,0.0,,
plate_crop_005.png,23,TRK_107,0.873,,,0.0,1.0,INVALID,val_conf=0.00,0.0,,
plate_crop_006.png,26,TRK_102,0.987,8525,8525,0.858,1.0,INVALID,val_conf=0.00,0.0,,
plate_crop_007.png,26,TRK_108,0.987,,,0.0,1.0,INVALID,val_conf=0.00,0.0,,
plate_crop_008.png,36,TRK_108,1.367,101,101,0.721,1.0,INVALID,val_conf=0.00,0.0,,
plate_crop_009.png,50,TRK_106,1.899,,,0.0,1.0,INVALID,val_conf=0.00,0.0,,
plate_crop_010.png,70,TRK_106,2.658,530,530,0.892,1.0,INVALID,val_conf=0.00,0.0,,
plate_crop_011.png,90,TRK_109,3.418,,,0.0,1.0,INVALID,val_conf=0.00,0.0,,
plate_crop_012.png,98,TRK_110,3.722,A1,A1,0.252,1.0,INVALID,val_conf=0.00,0.0,,
plate_crop_013.png,98,TRK_111,3.722,,,0.0,1.0,INVALID,val_conf=0.00,0.0,,
plate_crop_001.png,1,TRK_101,0.038,KW527,KW527,0.998,1.0,FORMAT_MISMATCH,val_conf=0.40,0.0,,
plate_crop_002.png,1,TRK_102,0.038,,,0.0,1.0,INVALID,val_conf=0.00,0.0,,
plate_crop_003.png,1,TRK_103,0.038,,,0.0,1.0,INVALID,val_conf=0.00,0.0,,
plate_crop_004.png,3,TRK_104,0.114,,,0.0,1.0,INVALID,val_conf=0.00,0.0,,
plate_crop_005.png,23,TRK_107,0.873,,,0.0,1.0,INVALID,val_conf=0.00,0.0,,
plate_crop_006.png,26,TRK_102,0.987,8525,8525,0.858,1.0,INVALID,val_conf=0.00,0.0,,
plate_crop_007.png,26,TRK_108,0.987,,,0.0,1.0,INVALID,val_conf=0.00,0.0,,
plate_crop_008.png,36,TRK_108,1.367,101,101,0.721,1.0,INVALID,val_conf=0.00,0.0,,
plate_crop_009.png,50,TRK_106,1.899,,,0.0,1.0,INVALID,val_conf=0.00,0.0,,
plate_crop_010.png,70,TRK_106,2.658,530,530,0.892,1.0,INVALID,val_conf=0.00,0.0,,
plate_crop_011.png,90,TRK_109,3.418,,,0.0,1.0,INVALID,val_conf=0.00,0.0,,
plate_crop_012.png,98,TRK_110,3.722,A1,A1,0.252,1.0,INVALID,val_conf=0.00,0.0,,
plate_crop_013.png,98,TRK_111,3.722,,,0.0,1.0,INVALID,val_conf=0.00,0.0,,
plate_crop_001.png,1,TRK_101,0.038,KW527,KW527,0.998,1.0,FORMAT_MISMATCH,val_conf=0.40,0.0,,
plate_crop_002.png,1,TRK_102,0.038,A525,A525,0.617,1.0,INVALID,val_conf=0.00,0.0,,
plate_crop_003.png,1,TRK_103,0.038,,,0.0,1.0,INVALID,val_conf=0.00,0.0,,
plate_crop_004.png,3,TRK_104,0.114,,,0.0,1.0,INVALID,val_conf=0.00,0.0,,
plate_crop_005.png,6,TRK_102,0.228,8525,8525,0.813,1.0,INVALID,val_conf=0.00,0.0,,
plate_crop_006.png,23,TRK_106,0.873,,,0.0,1.0,INVALID,val_conf=0.00,0.0,,
plate_crop_007.png,23,TRK_107,0.873,,,0.0,1.0,INVALID,val_conf=0.00,0.0,,
plate_crop_008.png,25,TRK_105,0.949,,,0.0,1.0,INVALID,val_conf=0.00,0.0,,
plate_crop_009.png,26,TRK_108,0.987,,,0.0,1.0,INVALID,val_conf=0.00,0.0,,
plate_crop_010.png,36,TRK_108,1.367,101,101,0.721,1.0,INVALID,val_conf=0.00,0.0,,
plate_crop_011.png,68,TRK_106,2.582,5330,5330,0.888,1.0,INVALID,val_conf=0.00,0.0,,
plate_crop_012.png,90,TRK_109,3.418,,,0.0,1.0,INVALID,val_conf=0.00,0.0,,
plate_crop_013.png,93,TRK_110,3.532,,,0.0,1.0,INVALID,val_conf=0.00,0.0,,
plate_crop_014.png,98,TRK_110,3.722,A1,A1,0.252,1.0,INVALID,val_conf=0.00,0.0,,
plate_crop_015.png,98,TRK_111,3.722,,,0.0,1.0,INVALID,val_conf=0.00,0.0,,
plate_crop_001.png,1,TRK_101,0.038,KW527,KW527,0.998,1.0,FORMAT_MISMATCH,val_conf=0.40,0.0,,
plate_crop_002.png,1,TRK_102,0.038,A525,A525,0.617,1.0,INVALID,val_conf=0.00,0.0,,
plate_crop_003.png,1,TRK_103,0.038,,,0.0,1.0,INVALID,val_conf=0.00,0.0,,
plate_crop_004.png,3,TRK_104,0.114,,,0.0,1.0,INVALID,val_conf=0.00,0.0,,
plate_crop_005.png,6,TRK_102,0.228,8525,8525,0.813,1.0,INVALID,val_conf=0.00,0.0,,
plate_crop_006.png,23,TRK_106,0.873,,,0.0,1.0,INVALID,val_conf=0.00,0.0,,
plate_crop_007.png,23,TRK_107,0.873,,,0.0,1.0,INVALID,val_conf=0.00,0.0,,
plate_crop_008.png,25,TRK_105,0.949,,,0.0,1.0,INVALID,val_conf=0.00,0.0,,
plate_crop_009.png,26,TRK_108,0.987,,,0.0,1.0,INVALID,val_conf=0.00,0.0,,
plate_crop_010.png,36,TRK_108,1.367,101,101,0.721,1.0,INVALID,val_conf=0.00,0.0,,
plate_crop_011.png,68,TRK_106,2.582,5330,5330,0.888,1.0,INVALID,val_conf=0.00,0.0,,
plate_crop_012.png,90,TRK_109,3.418,,,0.0,1.0,INVALID,val_conf=0.00,0.0,,
plate_crop_013.png,93,TRK_110,3.532,,,0.0,1.0,INVALID,val_conf=0.00,0.0,,
plate_crop_014.png,98,TRK_110,3.722,A1,A1,0.252,1.0,INVALID,val_conf=0.00,0.0,,
plate_crop_015.png,98,TRK_111,3.722,,,0.0,1.0,INVALID,val_conf=0.00,0.0,,
plate_crop_001.png,1,TRK_101,0.038,KW527,KW527,0.998,1.0,FORMAT_MISMATCH,val_conf=0.40,0.0,,
plate_crop_002.png,1,TRK_102,0.038,A525,A525,0.617,1.0,INVALID,val_conf=0.00,0.0,,
plate_crop_003.png,1,TRK_103,0.038,,,0.0,1.0,INVALID,val_conf=0.00,0.0,,
plate_crop_004.png,3,TRK_104,0.114,,,0.0,1.0,INVALID,val_conf=0.00,0.0,,
plate_crop_005.png,6,TRK_102,0.228,8525,8525,0.813,1.0,INVALID,val_conf=0.00,0.0,,
plate_crop_006.png,23,TRK_106,0.873,,,0.0,1.0,INVALID,val_conf=0.00,0.0,,
plate_crop_007.png,23,TRK_107,0.873,,,0.0,1.0,INVALID,val_conf=0.00,0.0,,
plate_crop_008.png,25,TRK_105,0.949,,,0.0,1.0,INVALID,val_conf=0.00,0.0,,
plate_crop_009.png,26,TRK_108,0.987,,,0.0,1.0,INVALID,val_conf=0.00,0.0,,
plate_crop_010.png,36,TRK_108,1.367,101,101,0.721,1.0,INVALID,val_conf=0.00,0.0,,
plate_crop_011.png,68,TRK_106,2.582,5330,5330,0.888,1.0,INVALID,val_conf=0.00,0.0,,
plate_crop_012.png,90,TRK_109,3.418,,,0.0,1.0,INVALID,val_conf=0.00,0.0,,
plate_crop_013.png,93,TRK_110,3.532,,,0.0,1.0,INVALID,val_conf=0.00,0.0,,
plate_crop_014.png,98,TRK_110,3.722,A1,A1,0.252,1.0,INVALID,val_conf=0.00,0.0,,
plate_crop_015.png,98,TRK_111,3.722,,,0.0,1.0,INVALID,val_conf=0.00,0.0,,
plate_crop_001.png,1,TRK_101,0.038,KW527,KW527,0.998,1.0,FORMAT_MISMATCH,val_conf=0.40,0.0,,
plate_crop_002.png,1,TRK_102,0.038,A525,A525,0.617,1.0,INVALID,val_conf=0.00,0.0,,
plate_crop_003.png,1,TRK_103,0.038,LR,LR,0.431,1.0,INVALID,val_conf=0.00,0.0,,
plate_crop_004.png,3,TRK_104,0.114,,,0.0,1.0,INVALID,val_conf=0.00,0.0,,
plate_crop_005.png,6,TRK_102,0.228,8525,8525,0.813,1.0,INVALID,val_conf=0.00,0.0,,
plate_crop_006.png,7,TRK_103,0.266,,,0.0,1.0,INVALID,val_conf=0.00,0.0,,
plate_crop_007.png,9,TRK_104,0.342,RE,RE,0.412,1.0,INVALID,val_conf=0.00,0.0,,
plate_crop_008.png,20,TRK_105,0.76,,,0.0,1.0,INVALID,val_conf=0.00,0.0,,
plate_crop_009.png,28,TRK_106,1.063,,,0.0,1.0,INVALID,val_conf=0.00,0.0,,
plate_crop_010.png,37,TRK_108,1.405,,,0.0,1.0,INVALID,val_conf=0.00,0.0,,
plate_crop_011.png,42,TRK_108,1.595,2F9,2F9,0.598,1.0,INVALID,val_conf=0.00,0.0,,
plate_crop_012.png,43,TRK_106,1.633,NSN,NSN,0.481,1.0,INVALID,val_conf=0.00,0.0,,
plate_crop_013.png,44,TRK_107,1.671,,,0.0,1.0,INVALID,val_conf=0.00,0.0,,
plate_crop_014.png,90,TRK_109,3.418,,,0.0,1.0,INVALID,val_conf=0.00,0.0,,
plate_crop_015.png,99,TRK_110,3.76,1D,1D,0.437,1.0,INVALID,val_conf=0.00,0.0,,
plate_crop_001.png,1,TRK_101,0.038,KW527,KW527,0.998,1.0,FORMAT_MISMATCH,val_conf=0.40,0.0,,
plate_crop_002.png,1,TRK_102,0.038,A525,A525,0.617,1.0,INVALID,val_conf=0.00,0.0,,
plate_crop_003.png,1,TRK_103,0.038,LR,LR,0.431,1.0,INVALID,val_conf=0.00,0.0,,
plate_crop_004.png,3,TRK_104,0.114,,,0.0,1.0,INVALID,val_conf=0.00,0.0,,
plate_crop_005.png,6,TRK_102,0.228,8525,8525,0.813,1.0,INVALID,val_conf=0.00,0.0,,
plate_crop_006.png,7,TRK_103,0.266,,,0.0,1.0,INVALID,val_conf=0.00,0.0,,
plate_crop_007.png,9,TRK_104,0.342,RE,RE,0.412,1.0,INVALID,val_conf=0.00,0.0,,
plate_crop_008.png,20,TRK_105,0.76,,,0.0,1.0,INVALID,val_conf=0.00,0.0,,
plate_crop_009.png,28,TRK_106,1.063,,,0.0,1.0,INVALID,val_conf=0.00,0.0,,
plate_crop_010.png,37,TRK_108,1.405,,,0.0,1.0,INVALID,val_conf=0.00,0.0,,
plate_crop_011.png,42,TRK_108,1.595,2F9,2F9,0.598,1.0,INVALID,val_conf=0.00,0.0,,
plate_crop_012.png,43,TRK_106,1.633,NSN,NSN,0.481,1.0,INVALID,val_conf=0.00,0.0,,
plate_crop_013.png,44,TRK_107,1.671,,,0.0,1.0,INVALID,val_conf=0.00,0.0,,
plate_crop_014.png,90,TRK_109,3.418,,,0.0,1.0,INVALID,val_conf=0.00,0.0,,
plate_crop_015.png,99,TRK_110,3.76,1D,1D,0.437,1.0,INVALID,val_conf=0.00,0.0,,
plate_crop_001.png,1,TRK_101,0.038,KW527,KW527,0.998,1.0,FORMAT_MISMATCH,val_conf=0.40,0.0,,
plate_crop_002.png,1,TRK_102,0.038,A525,A525,0.617,1.0,INVALID,val_conf=0.00,0.0,,
plate_crop_003.png,1,TRK_103,0.038,LR,LR,0.431,1.0,INVALID,val_conf=0.00,0.0,,
plate_crop_004.png,3,TRK_104,0.114,,,0.0,1.0,INVALID,val_conf=0.00,0.0,,
plate_crop_005.png,6,TRK_102,0.228,8525,8525,0.813,1.0,INVALID,val_conf=0.00,0.0,,
plate_crop_006.png,7,TRK_103,0.266,,,0.0,1.0,INVALID,val_conf=0.00,0.0,,
plate_crop_007.png,9,TRK_104,0.342,RE,RE,0.412,1.0,INVALID,val_conf=0.00,0.0,,
plate_crop_008.png,20,TRK_105,0.76,,,0.0,1.0,INVALID,val_conf=0.00,0.0,,
plate_crop_009.png,28,TRK_106,1.063,,,0.0,1.0,INVALID,val_conf=0.00,0.0,,
plate_crop_010.png,37,TRK_108,1.405,,,0.0,1.0,INVALID,val_conf=0.00,0.0,,
plate_crop_011.png,42,TRK_108,1.595,2F9,2F9,0.598,1.0,INVALID,val_conf=0.00,0.0,,
plate_crop_012.png,43,TRK_106,1.633,NSN,NSN,0.481,1.0,INVALID,val_conf=0.00,0.0,,
plate_crop_013.png,44,TRK_107,1.671,,,0.0,1.0,INVALID,val_conf=0.00,0.0,,
plate_crop_014.png,90,TRK_109,3.418,,,0.0,1.0,INVALID,val_conf=0.00,0.0,,
plate_crop_015.png,99,TRK_110,3.76,1D,1D,0.437,1.0,INVALID,val_conf=0.00,0.0,,
plate_crop_001.png,1,TRK_101,0.038,KW527,KW527,0.998,1.0,FORMAT_MISMATCH,val_conf=0.40,0.0,,
plate_crop_002.png,1,TRK_102,0.038,A525,A525,0.617,1.0,INVALID,val_conf=0.00,0.0,,
plate_crop_003.png,1,TRK_103,0.038,LR,LR,0.431,1.0,INVALID,val_conf=0.00,0.0,,
plate_crop_004.png,3,TRK_104,0.114,,,0.0,1.0,INVALID,val_conf=0.00,0.0,,
plate_crop_005.png,6,TRK_102,0.228,8525,8525,0.813,1.0,INVALID,val_conf=0.00,0.0,,
plate_crop_006.png,7,TRK_103,0.266,,,0.0,1.0,INVALID,val_conf=0.00,0.0,,
plate_crop_007.png,8,TRK_104,0.304,ESM,ESM,0.448,1.0,INVALID,val_conf=0.00,0.0,,
plate_crop_008.png,20,TRK_105,0.76,,,0.0,1.0,INVALID,val_conf=0.00,0.0,,
plate_crop_009.png,23,TRK_106,0.873,,,0.0,1.0,INVALID,val_conf=0.00,0.0,,
plate_crop_010.png,23,TRK_107,0.873,,,0.0,1.0,INVALID,val_conf=0.00,0.0,,
plate_crop_011.png,26,TRK_108,0.987,,,0.0,1.0,INVALID,val_conf=0.00,0.0,,
plate_crop_012.png,31,TRK_108,1.177,BNL,BNL,0.549,1.0,INVALID,val_conf=0.00,0.0,,
plate_crop_013.png,33,TRK_107,1.253,MC,MC,0.722,1.0,INVALID,val_conf=0.00,0.0,,
plate_crop_014.png,43,TRK_106,1.633,NSN,NSN,0.481,1.0,INVALID,val_conf=0.00,0.0,,
plate_crop_015.png,90,TRK_109,3.418,,,0.0,1.0,INVALID,val_conf=0.00,0.0,,
plate_crop_016.png,93,TRK_110,3.532,LA,LA,0.375,1.0,INVALID,val_conf=0.00,0.0,,
plate_crop_017.png,98,TRK_110,3.722,AL,AL,0.68,1.0,INVALID,val_conf=0.00,0.0,,
plate_crop_018.png,98,TRK_111,3.722,,,0.0,1.0,INVALID,val_conf=0.00,0.0,,
plate_crop_001.png,1,TRK_101,0.038,KW527,KW527,0.998,1.0,FORMAT_MISMATCH,val_conf=0.40,0.0,,
plate_crop_002.png,1,TRK_102,0.038,A525,A525,0.617,1.0,INVALID,val_conf=0.00,0.0,,
plate_crop_003.png,1,TRK_103,0.038,LR,LR,0.431,1.0,INVALID,val_conf=0.00,0.0,,
plate_crop_004.png,3,TRK_104,0.114,,,0.0,1.0,INVALID,val_conf=0.00,0.0,,
plate_crop_005.png,6,TRK_102,0.228,8525,8525,0.813,1.0,INVALID,val_conf=0.00,0.0,,
plate_crop_006.png,7,TRK_103,0.266,,,0.0,1.0,INVALID,val_conf=0.00,0.0,,
plate_crop_007.png,8,TRK_104,0.304,ESM,ESM,0.448,1.0,INVALID,val_conf=0.00,0.0,,
plate_crop_008.png,20,TRK_105,0.76,,,0.0,1.0,INVALID,val_conf=0.00,0.0,,
plate_crop_009.png,23,TRK_106,0.873,,,0.0,1.0,INVALID,val_conf=0.00,0.0,,
plate_crop_010.png,23,TRK_107,0.873,,,0.0,1.0,INVALID,val_conf=0.00,0.0,,
plate_crop_011.png,26,TRK_108,0.987,,,0.0,1.0,INVALID,val_conf=0.00,0.0,,
plate_crop_012.png,31,TRK_108,1.177,BNL,BNL,0.549,1.0,INVALID,val_conf=0.00,0.0,,
plate_crop_013.png,33,TRK_107,1.253,MC,MC,0.722,1.0,INVALID,val_conf=0.00,0.0,,
plate_crop_014.png,43,TRK_106,1.633,NSN,NSN,0.481,1.0,INVALID,val_conf=0.00,0.0,,
plate_crop_015.png,90,TRK_109,3.418,,,0.0,1.0,INVALID,val_conf=0.00,0.0,,
plate_crop_016.png,93,TRK_110,3.532,LA,LA,0.375,1.0,INVALID,val_conf=0.00,0.0,,
plate_crop_017.png,98,TRK_110,3.722,AL,AL,0.68,1.0,INVALID,val_conf=0.00,0.0,,
plate_crop_018.png,98,TRK_111,3.722,,,0.0,1.0,INVALID,val_conf=0.00,0.0,,
plate_crop_001.png,1,TRK_101,0.038,KW527,KW527,0.998,1.0,FORMAT_MISMATCH,val_conf=0.40,0.0,,
plate_crop_002.png,1,TRK_102,0.038,A525,A525,0.617,1.0,INVALID,val_conf=0.00,0.0,,
plate_crop_003.png,1,TRK_103,0.038,LR,LR,0.431,1.0,INVALID,val_conf=0.00,0.0,,
plate_crop_004.png,3,TRK_104,0.114,,,0.0,1.0,INVALID,val_conf=0.00,0.0,,
plate_crop_005.png,6,TRK_102,0.228,8525,8525,0.813,1.0,INVALID,val_conf=0.00,0.0,,
plate_crop_006.png,7,TRK_103,0.266,,,0.0,1.0,INVALID,val_conf=0.00,0.0,,
plate_crop_007.png,8,TRK_104,0.304,ESM,ESM,0.448,1.0,INVALID,val_conf=0.00,0.0,,
plate_crop_008.png,20,TRK_105,0.76,,,0.0,1.0,INVALID,val_conf=0.00,0.0,,
plate_crop_009.png,23,TRK_106,0.873,,,0.0,1.0,INVALID,val_conf=0.00,0.0,,
plate_crop_010.png,23,TRK_107,0.873,,,0.0,1.0,INVALID,val_conf=0.00,0.0,,
plate_crop_011.png,26,TRK_108,0.987,,,0.0,1.0,INVALID,val_conf=0.00,0.0,,
plate_crop_012.png,31,TRK_108,1.177,BNL,BNL,0.549,1.0,INVALID,val_conf=0.00,0.0,,
plate_crop_013.png,33,TRK_107,1.253,MC,MC,0.722,1.0,INVALID,val_conf=0.00,0.0,,
plate_crop_014.png,43,TRK_106,1.633,NSN,NSN,0.481,1.0,INVALID,val_conf=0.00,0.0,,
plate_crop_015.png,90,TRK_109,3.418,,,0.0,1.0,INVALID,val_conf=0.00,0.0,,
plate_crop_016.png,93,TRK_110,3.532,LA,LA,0.375,1.0,INVALID,val_conf=0.00,0.0,,
plate_crop_017.png,98,TRK_110,3.722,AL,AL,0.68,1.0,INVALID,val_conf=0.00,0.0,,
plate_crop_018.png,98,TRK_111,3.722,,,0.0,1.0,INVALID,val_conf=0.00,0.0,,
plate_crop_001.png,1,TRK_101,0.038,KW527,KW527,0.998,1.0,FORMAT_MISMATCH,val_conf=0.40,0.0,,
plate_crop_002.png,1,TRK_102,0.038,A525,A525,0.617,1.0,INVALID,val_conf=0.00,0.0,,
plate_crop_003.png,1,TRK_103,0.038,LR,LR,0.431,1.0,INVALID,val_conf=0.00,0.0,,
plate_crop_004.png,3,TRK_104,0.114,,,0.0,1.0,INVALID,val_conf=0.00,0.0,,
plate_crop_005.png,6,TRK_102,0.228,8525,8525,0.813,1.0,INVALID,val_conf=0.00,0.0,,
plate_crop_006.png,7,TRK_103,0.266,,,0.0,1.0,INVALID,val_conf=0.00,0.0,,
plate_crop_007.png,8,TRK_104,0.304,ESM,ESM,0.448,1.0,INVALID,val_conf=0.00,0.0,,
plate_crop_008.png,20,TRK_105,0.76,,,0.0,1.0,INVALID,val_conf=0.00,0.0,,
plate_crop_009.png,23,TRK_106,0.873,,,0.0,1.0,INVALID,val_conf=0.00,0.0,,
plate_crop_010.png,23,TRK_107,0.873,,,0.0,1.0,INVALID,val_conf=0.00,0.0,,
plate_crop_011.png,26,TRK_108,0.987,,,0.0,1.0,INVALID,val_conf=0.00,0.0,,
plate_crop_012.png,31,TRK_108,1.177,BNL,BNL,0.549,1.0,INVALID,val_conf=0.00,0.0,,
plate_crop_013.png,33,TRK_107,1.253,MC,MC,0.722,1.0,INVALID,val_conf=0.00,0.0,,
plate_crop_014.png,43,TRK_106,1.633,NSN,NSN,0.481,1.0,INVALID,val_conf=0.00,0.0,,
plate_crop_015.png,90,TRK_109,3.418,,,0.0,1.0,INVALID,val_conf=0.00,0.0,,
plate_crop_016.png,93,TRK_110,3.532,LA,LA,0.375,1.0,INVALID,val_conf=0.00,0.0,,
plate_crop_017.png,98,TRK_110,3.722,AL,AL,0.68,1.0,INVALID,val_conf=0.00,0.0,,
plate_crop_018.png,98,TRK_111,3.722,,,0.0,1.0,INVALID,val_conf=0.00,0.0,,
plate_crop_019.png,103,TRK_111,3.911,11,11,0.691,1.0,INVALID,val_conf=0.00,0.0,,
plate_crop_001.png,1,TRK_101,0.038,KW527,KW527,0.998,1.0,FORMAT_MISMATCH,val_conf=0.40,0.0,,
plate_crop_002.png,1,TRK_102,0.038,A525,A525,0.617,1.0,INVALID,val_conf=0.00,0.0,,
plate_crop_003.png,1,TRK_103,0.038,LR,LR,0.431,1.0,INVALID,val_conf=0.00,0.0,,
plate_crop_004.png,3,TRK_104,0.114,,,0.0,1.0,INVALID,val_conf=0.00,0.0,,
plate_crop_005.png,6,TRK_102,0.228,8525,8525,0.813,1.0,INVALID,val_conf=0.00,0.0,,
plate_crop_006.png,7,TRK_103,0.266,,,0.0,1.0,INVALID,val_conf=0.00,0.0,,
plate_crop_007.png,8,TRK_104,0.304,ESM,ESM,0.448,1.0,INVALID,val_conf=0.00,0.0,,
plate_crop_001.png,1,TRK_101,0.038,KW527,KW527,0.998,1.0,FORMAT_MISMATCH,val_conf=0.40,0.0,,
plate_crop_002.png,1,TRK_102,0.038,A525,A525,0.617,1.0,INVALID,val_conf=0.00,0.0,,
plate_crop_003.png,1,TRK_103,0.038,LR,LR,0.431,1.0,INVALID,val_conf=0.00,0.0,,
plate_crop_004.png,3,TRK_104,0.114,,,0.0,1.0,INVALID,val_conf=0.00,0.0,,
plate_crop_005.png,6,TRK_102,0.228,8525,8525,0.813,1.0,INVALID,val_conf=0.00,0.0,,
plate_crop_006.png,7,TRK_103,0.266,,,0.0,1.0,INVALID,val_conf=0.00,0.0,,
plate_crop_007.png,8,TRK_104,0.304,ESM,ESM,0.448,1.0,INVALID,val_conf=0.00,0.0,,
plate_crop_008.png,20,TRK_105,0.76,,,0.0,1.0,INVALID,val_conf=0.00,0.0,,
plate_crop_009.png,23,TRK_106,0.873,,,0.0,1.0,INVALID,val_conf=0.00,0.0,,
plate_crop_010.png,23,TRK_107,0.873,,,0.0,1.0,INVALID,val_conf=0.00,0.0,,
plate_crop_011.png,26,TRK_108,0.987,,,0.0,1.0,INVALID,val_conf=0.00,0.0,,
plate_crop_001.png,1,TRK_999,1.0,,,0.0,1.0,INVALID,val_conf=0.00,0.0,,
plate_crop_001.png,1,TRK_202,0.1,KA01MH9999,KA01MH9999,0.95,1.0,VALID,val_conf=0.95,0.0,,
plate_crop_001.png,1,TRK_101,1.0,TN09AB1234,TN09AB1234,0.95,1.0,VALID,val_conf=0.95,0.0,,
plate_crop_001.png,1,TRK_101,1.0,TN09AB1234,TN09AB1234,0.95,1.0,VALID,val_conf=0.95,0.0,,
plate_crop_001.png,1,TRK_404,1.0,TN10AB1234,TN10AB1234,0.92,1.0,VALID,val_conf=0.95,0.0,,
plate_crop_001.png,1,TRK_505,1.0,INVALID123,INVALID123,0.9,1.0,INVALID,val_conf=0.00,0.0,,
plate_crop_001.png,1,TRK_606,1.0,TN10AB1234,TN10AB1234,0.92,1.0,VALID,val_conf=0.95,0.0,,
plate_crop_001.png,1,TRK_101,0.1,TN09AB1234,TN09AB1234,0.95,1.0,VALID,val_conf=0.95,0.0,,
plate_crop_001.png,1,TRK_999,1.0,,,0.0,1.0,INVALID,val_conf=0.00,0.0,,
plate_crop_001.png,1,TRK_202,0.1,KA01MH9999,KA01MH9999,0.95,1.0,VALID,val_conf=0.95,0.0,,
plate_crop_001.png,1,TRK_101,1.0,TN09AB1234,TN09AB1234,0.95,1.0,VALID,val_conf=0.95,0.0,,
plate_crop_001.png,1,TRK_101,1.0,TN09AB1234,TN09AB1234,0.95,1.0,VALID,val_conf=0.95,0.0,,
plate_crop_001.png,1,TRK_404,1.0,TN10AB1234,TN10AB1234,0.92,1.0,VALID,val_conf=0.95,0.0,,
plate_crop_001.png,1,TRK_505,1.0,INVALID123,INVALID123,0.9,1.0,INVALID,val_conf=0.00,0.0,,
plate_crop_001.png,1,TRK_606,1.0,TN10AB1234,TN10AB1234,0.92,1.0,VALID,val_conf=0.95,0.0,,
plate_crop_001.png,1,TRK_101,0.1,TN09AB1234,TN09AB1234,0.95,1.0,VALID,val_conf=0.95,0.0,,
plate_crop_001.png,1,TRK_101,0.038,KW527,KW527,0.998,1.0,FORMAT_MISMATCH,val_conf=0.40,0.0,,
plate_crop_002.png,1,TRK_102,0.038,A525,A525,0.617,1.0,INVALID,val_conf=0.00,0.0,,
plate_crop_003.png,1,TRK_103,0.038,LR,LR,0.431,1.0,INVALID,val_conf=0.00,0.0,,
plate_crop_004.png,3,TRK_104,0.114,,,0.0,1.0,INVALID,val_conf=0.00,0.0,,
plate_crop_005.png,6,TRK_102,0.228,8525,8525,0.813,1.0,INVALID,val_conf=0.00,0.0,,
plate_crop_001.png,1,TRK_101,0.038,KW527,KW527,0.998,1.0,FORMAT_MISMATCH,val_conf=0.40,0.0,,
plate_crop_002.png,1,TRK_102,0.038,PSX8525,PSX8525,0.854,1.0,FORMAT_MISMATCH,val_conf=0.40,0.0,,
plate_crop_003.png,1,TRK_103,0.038,LR,LR,0.431,1.0,INVALID,val_conf=0.00,0.0,,
plate_crop_004.png,3,TRK_104,0.114,,,0.0,1.0,INVALID,val_conf=0.00,0.0,,
plate_crop_005.png,7,TRK_103,0.266,,,0.0,1.0,INVALID,val_conf=0.00,0.0,,
plate_crop_006.png,8,TRK_102,0.304,SX8525,SX8525,0.994,1.0,FORMAT_MISMATCH,val_conf=0.40,0.0,,
plate_crop_007.png,8,TRK_104,0.304,ESM,ESM,0.448,1.0,INVALID,val_conf=0.00,0.0,,
plate_crop_001.png,1,TRK_101,0.038,KW527,KW527,0.998,1.0,FORMAT_MISMATCH,val_conf=0.40,0.0,,
plate_crop_002.png,1,TRK_102,0.038,PSX8525,PSX8525,0.854,1.0,FORMAT_MISMATCH,val_conf=0.40,0.0,,
plate_crop_003.png,1,TRK_103,0.038,LR,LR,0.431,1.0,INVALID,val_conf=0.00,0.0,,
plate_crop_004.png,3,TRK_104,0.114,,,0.0,1.0,INVALID,val_conf=0.00,0.0,,
plate_crop_005.png,7,TRK_103,0.266,,,0.0,1.0,INVALID,val_conf=0.00,0.0,,
plate_crop_006.png,8,TRK_102,0.304,SX8525,SX8525,0.994,1.0,FORMAT_MISMATCH,val_conf=0.40,0.0,,
plate_crop_001.png,1,TRK_101,0.038,KW527,KW527,0.998,1.0,FORMAT_MISMATCH,val_conf=0.40,0.0,,
plate_crop_002.png,1,TRK_102,0.038,PSX8525,PSX8525,0.854,1.0,FORMAT_MISMATCH,val_conf=0.40,0.0,,
plate_crop_003.png,1,TRK_103,0.038,LR,LR,0.431,1.0,INVALID,val_conf=0.00,0.0,,
plate_crop_004.png,3,TRK_104,0.114,,,0.0,1.0,INVALID,val_conf=0.00,0.0,,
plate_crop_005.png,7,TRK_103,0.266,,,0.0,1.0,INVALID,val_conf=0.00,0.0,,
plate_crop_006.png,8,TRK_102,0.304,SX8525,SX8525,0.994,1.0,FORMAT_MISMATCH,val_conf=0.40,0.0,,
plate_crop_001.png,1,TRK_999,1.0,,,0.0,1.0,INVALID,val_conf=0.00,0.0,,
plate_crop_001.png,1,TRK_202,0.1,KA01MH9999,KA01MH9999,0.95,1.0,VALID,val_conf=0.95,0.0,,
plate_crop_001.png,1,TRK_101,1.0,TN09AB1234,TN09AB1234,0.95,1.0,VALID,val_conf=0.95,0.0,,
plate_crop_001.png,1,TRK_101,1.0,TN09AB1234,TN09AB1234,0.95,1.0,VALID,val_conf=0.95,0.0,,
plate_crop_001.png,1,TRK_404,1.0,TN10AB1234,TN10AB1234,0.92,1.0,VALID,val_conf=0.95,0.0,,
plate_crop_001.png,1,TRK_505,1.0,INVALID123,INVALID123,0.9,1.0,INVALID,val_conf=0.00,0.0,,
plate_crop_001.png,1,TRK_606,1.0,TN10AB1234,TN10AB1234,0.92,1.0,VALID,val_conf=0.95,0.0,,
plate_crop_001.png,1,TRK_101,0.1,TN09AB1234,TN09AB1234,0.95,1.0,VALID,val_conf=0.95,0.0,,
plate_crop_001.png,1,TRK_101,0.038,KW527,KW527,0.998,1.0,FORMAT_MISMATCH,val_conf=0.40,0.0,,
plate_crop_002.png,1,TRK_102,0.038,PSX8525,PSX8525,0.854,1.0,FORMAT_MISMATCH,val_conf=0.40,0.0,,
plate_crop_003.png,1,TRK_103,0.038,LR,LR,0.431,1.0,INVALID,val_conf=0.00,0.0,,
plate_crop_004.png,3,TRK_104,0.114,,,0.0,1.0,INVALID,val_conf=0.00,0.0,,
plate_crop_005.png,7,TRK_103,0.266,,,0.0,1.0,INVALID,val_conf=0.00,0.0,,
plate_crop_006.png,8,TRK_102,0.304,SX8525,SX8525,0.994,1.0,FORMAT_MISMATCH,val_conf=0.40,0.0,,
plate_crop_001.png,1,TRK_101,0.033,KW527,KW527,0.998,1.0,FORMAT_MISMATCH,val_conf=0.40,0.0,,
plate_crop_002.png,1,TRK_102,0.033,PSX8525,PSX8525,0.854,1.0,FORMAT_MISMATCH,val_conf=0.40,0.0,,
plate_crop_003.png,1,TRK_103,0.033,LR,LR,0.431,1.0,INVALID,val_conf=0.00,0.0,,
plate_crop_004.png,3,TRK_104,0.1,,,0.0,1.0,INVALID,val_conf=0.00,0.0,,
plate_crop_005.png,7,TRK_103,0.233,12,12,0.546,1.0,INVALID,val_conf=0.00,0.0,,
plate_crop_001.png,75,TRK_101,2.848,TS5330,TS5330,0.992,1.0,FORMAT_MISMATCH,val_conf=0.40,0.0,,
plate_crop_002.png,80,TRK_101,3.038,,,0.0,1.0,INVALID,val_conf=0.00,0.0,,
plate_crop_001.png,1,TRK_999,1.0,,,0.0,1.0,INVALID,val_conf=0.00,0.0,,
plate_crop_001.png,1,TRK_202,0.1,KA01MH9999,KA01MH9999,0.95,1.0,VALID,val_conf=0.95,0.0,,
plate_crop_001.png,1,TRK_101,1.0,TN09AB1234,TN09AB1234,0.95,1.0,VALID,val_conf=0.95,0.0,,
plate_crop_001.png,1,TRK_101,1.0,TN09AB1234,TN09AB1234,0.95,1.0,VALID,val_conf=0.95,0.0,,
plate_crop_001.png,1,TRK_404,1.0,TN10AB1234,TN10AB1234,0.92,1.0,VALID,val_conf=0.95,0.0,,
plate_crop_001.png,1,TRK_505,1.0,INVALID123,INVALID123,0.9,1.0,INVALID,val_conf=0.00,0.0,,
plate_crop_001.png,1,TRK_606,1.0,TN10AB1234,TN10AB1234,0.92,1.0,VALID,val_conf=0.95,0.0,,
plate_crop_001.png,1,TRK_101,0.1,TN09AB1234,TN09AB1234,0.95,1.0,VALID,val_conf=0.95,0.0,,
plate_crop_001.png,1,TRK_101,0.038,KW527,KW527,0.998,1.0,FORMAT_MISMATCH,val_conf=0.40,0.0,,
plate_crop_002.png,1,TRK_102,0.038,PSX8525,PSX8525,0.854,1.0,FORMAT_MISMATCH,val_conf=0.40,0.0,,
plate_crop_003.png,1,TRK_103,0.038,LR,LR,0.431,1.0,INVALID,val_conf=0.00,0.0,,
plate_crop_004.png,3,TRK_104,0.114,,,0.0,1.0,INVALID,val_conf=0.00,0.0,,
plate_crop_005.png,7,TRK_103,0.266,,,0.0,1.0,INVALID,val_conf=0.00,0.0,,
plate_crop_006.png,8,TRK_102,0.304,SX8525,SX8525,0.994,1.0,FORMAT_MISMATCH,val_conf=0.40,0.0,,
plate_crop_001.png,1,TRK_101,0.038,KW527,KW527,0.998,1.0,FORMAT_MISMATCH,val_conf=0.40,0.0,,
plate_crop_002.png,1,TRK_102,0.038,PSX8525,PSX8525,0.854,1.0,FORMAT_MISMATCH,val_conf=0.40,0.0,,
plate_crop_003.png,1,TRK_103,0.038,LR,LR,0.431,1.0,INVALID,val_conf=0.00,0.0,,
plate_crop_004.png,3,TRK_104,0.114,,,0.0,1.0,INVALID,val_conf=0.00,0.0,,
plate_crop_005.png,7,TRK_103,0.266,,,0.0,1.0,INVALID,val_conf=0.00,0.0,,
plate_crop_006.png,8,TRK_102,0.304,SX8525,SX8525,0.994,1.0,FORMAT_MISMATCH,val_conf=0.40,0.0,,
plate_crop_001.png,1,TRK_101,0.038,KW527,KW527,0.998,1.0,FORMAT_MISMATCH,val_conf=0.40,0.0,,
plate_crop_002.png,1,TRK_102,0.038,PSX8525,PSX8525,0.854,1.0,FORMAT_MISMATCH,val_conf=0.40,0.0,,
plate_crop_003.png,1,TRK_103,0.038,LR,LR,0.431,1.0,INVALID,val_conf=0.00,0.0,,
plate_crop_004.png,3,TRK_104,0.114,,,0.0,1.0,INVALID,val_conf=0.00,0.0,,
plate_crop_005.png,7,TRK_103,0.266,,,0.0,1.0,INVALID,val_conf=0.00,0.0,,
plate_crop_006.png,8,TRK_102,0.304,SX8525,SX8525,0.994,1.0,FORMAT_MISMATCH,val_conf=0.40,0.0,,
plate_crop_001.png,75,TRK_101,2.848,TS5330,TS5330,0.992,1.0,FORMAT_MISMATCH,val_conf=0.40,0.0,,
plate_crop_002.png,80,TRK_101,3.038,,,0.0,1.0,INVALID,val_conf=0.00,0.0,,
plate_crop_001.png,1,TRK_101,0.038,KW527,KW527,0.998,1.0,FORMAT_MISMATCH,val_conf=0.40,0.0,,
plate_crop_002.png,1,TRK_102,0.038,PSX8525,PSX8525,0.854,1.0,FORMAT_MISMATCH,val_conf=0.40,0.0,,
plate_crop_003.png,1,TRK_103,0.038,LR,LR,0.431,1.0,INVALID,val_conf=0.00,0.0,,
plate_crop_004.png,3,TRK_104,0.114,,,0.0,1.0,INVALID,val_conf=0.00,0.0,,
plate_crop_005.png,7,TRK_103,0.266,,,0.0,1.0,INVALID,val_conf=0.00,0.0,,
plate_crop_006.png,8,TRK_102,0.304,SX8525,SX8525,0.994,1.0,FORMAT_MISMATCH,val_conf=0.40,0.0,,
plate_crop_001.png,1,TRK_101,0.038,KW527,KW527,0.998,1.0,FORMAT_MISMATCH,val_conf=0.40,0.0,,
plate_crop_002.png,1,TRK_102,0.038,PSX8525,PSX8525,0.854,1.0,FORMAT_MISMATCH,val_conf=0.40,0.0,,
plate_crop_003.png,1,TRK_103,0.038,LR,LR,0.431,1.0,INVALID,val_conf=0.00,0.0,,
plate_crop_004.png,3,TRK_104,0.114,,,0.0,1.0,INVALID,val_conf=0.00,0.0,,
plate_crop_005.png,7,TRK_103,0.266,,,0.0,1.0,INVALID,val_conf=0.00,0.0,,
plate_crop_006.png,8,TRK_102,0.304,SX8525,SX8525,0.994,1.0,FORMAT_MISMATCH,val_conf=0.40,0.0,,
plate_crop_001.png,6,TRK_101,0.228,SX8525,SX8525,0.99,1.0,FORMAT_MISMATCH,val_conf=0.40,0.0,,
plate_crop_002.png,6,TRK_102,0.228,KW527,KW527,0.996,1.0,FORMAT_MISMATCH,val_conf=0.40,0.0,,
plate_crop_003.png,6,TRK_103,0.228,,,0.0,1.0,INVALID,val_conf=0.00,0.0,,
plate_crop_001.png,1,TRK_101,0.038,KW527,KW527,0.998,1.0,FORMAT_MISMATCH,val_conf=0.40,0.0,,
plate_crop_002.png,1,TRK_102,0.038,PSX8525,PSX8525,0.854,1.0,FORMAT_MISMATCH,val_conf=0.40,0.0,,
plate_crop_003.png,1,TRK_103,0.038,LR,LR,0.431,1.0,INVALID,val_conf=0.00,0.0,,
plate_crop_004.png,3,TRK_104,0.114,,,0.0,1.0,INVALID,val_conf=0.00,0.0,,
plate_crop_005.png,7,TRK_103,0.266,,,0.0,1.0,INVALID,val_conf=0.00,0.0,,
plate_crop_006.png,8,TRK_102,0.304,SX8525,SX8525,0.994,1.0,FORMAT_MISMATCH,val_conf=0.40,0.0,,
plate_crop_007.png,8,TRK_104,0.304,ESM,ESM,0.448,1.0,INVALID,val_conf=0.00,0.0,,
plate_crop_008.png,20,TRK_105,0.76,,,0.0,1.0,INVALID,val_conf=0.00,0.0,,
plate_crop_009.png,23,TRK_106,0.873,1N161,1N161,0.286,1.0,FORMAT_MISMATCH,val_conf=0.40,0.0,,
plate_crop_010.png,23,TRK_107,0.873,,,0.0,1.0,INVALID,val_conf=0.00,0.0,,
plate_crop_011.png,26,TRK_108,0.987,,,0.0,1.0,INVALID,val_conf=0.00,0.0,,
plate_crop_012.png,28,TRK_106,1.063,,,0.0,1.0,INVALID,val_conf=0.00,0.0,,
plate_crop_013.png,31,TRK_108,1.177,BNL,BNL,0.549,1.0,INVALID,val_conf=0.00,0.0,,
plate_crop_014.png,33,TRK_107,1.253,MC,MC,0.722,1.0,INVALID,val_conf=0.00,0.0,,
plate_crop_015.png,90,TRK_109,3.418,,,0.0,1.0,INVALID,val_conf=0.00,0.0,,
plate_crop_016.png,93,TRK_110,3.532,LA,LA,0.375,1.0,INVALID,val_conf=0.00,0.0,,
plate_crop_017.png,98,TRK_110,3.722,AL,AL,0.68,1.0,INVALID,val_conf=0.00,0.0,,
plate_crop_018.png,98,TRK_111,3.722,,,0.0,1.0,INVALID,val_conf=0.00,0.0,,
plate_crop_001.png,1,TRK_101,0.038,KW527,KW527,0.998,1.0,FORMAT_MISMATCH,val_conf=0.40,0.0,,
plate_crop_002.png,1,TRK_102,0.038,SX8525,SX8525,0.994,1.0,FORMAT_MISMATCH,val_conf=0.40,0.0,,
plate_crop_003.png,1,TRK_103,0.038,LR,LR,0.431,1.0,INVALID,val_conf=0.00,0.0,,
plate_crop_004.png,3,TRK_104,0.114,,,0.0,1.0,INVALID,val_conf=0.00,0.0,,
plate_crop_005.png,7,TRK_103,0.266,,,0.0,1.0,INVALID,val_conf=0.00,0.0,,
plate_crop_006.png,8,TRK_104,0.304,ESM,ESM,0.448,1.0,INVALID,val_conf=0.00,0.0,,
plate_crop_007.png,20,TRK_105,0.76,,,0.0,1.0,INVALID,val_conf=0.00,0.0,,
plate_crop_008.png,23,TRK_106,0.873,,,0.0,1.0,INVALID,val_conf=0.00,0.0,,
plate_crop_009.png,23,TRK_107,0.873,,,0.0,1.0,INVALID,val_conf=0.00,0.0,,
plate_crop_010.png,26,TRK_108,0.987,,,0.0,1.0,INVALID,val_conf=0.00,0.0,,
plate_crop_011.png,31,TRK_108,1.177,BNL,BNL,0.549,1.0,INVALID,val_conf=0.00,0.0,,
plate_crop_012.png,33,TRK_107,1.253,MC,MC,0.722,1.0,INVALID,val_conf=0.00,0.0,,
plate_crop_013.png,43,TRK_106,1.633,NSN,NSN,0.481,1.0,INVALID,val_conf=0.00,0.0,,
plate_crop_014.png,90,TRK_109,3.418,,,0.0,1.0,INVALID,val_conf=0.00,0.0,,
plate_crop_015.png,93,TRK_110,3.532,LA,LA,0.375,1.0,INVALID,val_conf=0.00,0.0,,
plate_crop_016.png,98,TRK_110,3.722,AL,AL,0.68,1.0,INVALID,val_conf=0.00,0.0,,
plate_crop_017.png,98,TRK_111,3.722,,,0.0,1.0,INVALID,val_conf=0.00,0.0,,
plate_crop_001.png,1,TRK_101,0.038,KW527,KW527,0.998,1.0,FORMAT_MISMATCH,val_conf=0.40,0.0,,
plate_crop_002.png,1,TRK_102,0.038,SX8525,SX8525,0.994,1.0,FORMAT_MISMATCH,val_conf=0.40,0.0,,
plate_crop_003.png,1,TRK_103,0.038,LR,LR,0.431,1.0,INVALID,val_conf=0.00,0.0,,
plate_crop_004.png,3,TRK_104,0.114,X0147,X0147,0.765,1.0,FORMAT_MISMATCH,val_conf=0.40,0.0,,
plate_crop_005.png,7,TRK_103,0.266,,,0.0,1.0,INVALID,val_conf=0.00,0.0,,
plate_crop_001.png,1,TRK_101,0.038,KW527,KW527,0.998,1.0,FORMAT_MISMATCH,val_conf=0.40,0.0,,
plate_crop_002.png,1,TRK_102,0.038,SX8525,SX8525,0.994,1.0,FORMAT_MISMATCH,val_conf=0.40,0.0,,
plate_crop_003.png,1,TRK_103,0.038,LR,LR,0.431,1.0,INVALID,val_conf=0.00,0.0,,
plate_crop_004.png,3,TRK_104,0.114,X0147,X0147,0.765,1.0,FORMAT_MISMATCH,val_conf=0.40,0.0,,
plate_crop_001.png,1,TRK_101,0.038,KW527,KW527,0.998,1.0,FORMAT_MISMATCH,val_conf=0.40,0.0,,
plate_crop_002.png,1,TRK_102,0.038,SX8525,SX8525,0.994,1.0,FORMAT_MISMATCH,val_conf=0.40,0.0,,
plate_crop_003.png,1,TRK_103,0.038,LR,LR,0.431,1.0,INVALID,val_conf=0.00,0.0,,
plate_crop_004.png,3,TRK_104,0.114,X0147,X0147,0.765,1.0,FORMAT_MISMATCH,val_conf=0.40,0.0,,
plate_crop_005.png,7,TRK_103,0.266,,,0.0,1.0,INVALID,val_conf=0.00,0.0,,
plate_crop_006.png,8,TRK_104,0.304,,,0.0,1.0,INVALID,val_conf=0.00,0.0,,
plate_crop_007.png,20,TRK_105,0.76,,,0.0,1.0,INVALID,val_conf=0.00,0.0,,
plate_crop_008.png,23,TRK_106,0.873,,,0.0,1.0,INVALID,val_conf=0.00,0.0,,
plate_crop_009.png,23,TRK_107,0.873,,,0.0,1.0,INVALID,val_conf=0.00,0.0,,
plate_crop_010.png,26,TRK_108,0.987,,,0.0,1.0,INVALID,val_conf=0.00,0.0,,
plate_crop_011.png,33,TRK_107,1.253,MC,MC,0.722,1.0,INVALID,val_conf=0.00,0.0,,
plate_crop_012.png,36,TRK_108,1.367,WGP19,WGP19,0.83,1.0,FORMAT_MISMATCH,val_conf=0.40,0.0,,
plate_crop_013.png,68,TRK_106,2.582,PTS5330,PTS5330,0.875,1.0,FORMAT_MISMATCH,val_conf=0.40,0.0,,
plate_crop_014.png,90,TRK_109,3.418,,,0.0,1.0,INVALID,val_conf=0.00,0.0,,
plate_crop_015.png,93,TRK_110,3.532,LA,LA,0.375,1.0,INVALID,val_conf=0.00,0.0,,
plate_crop_016.png,98,TRK_110,3.722,AL,AL,0.68,1.0,INVALID,val_conf=0.00,0.0,,
plate_crop_017.png,98,TRK_111,3.722,,,0.0,1.0,INVALID,val_conf=0.00,0.0,,
plate_crop_001.png,1,TRK_101,0.038,KW527,KW527,0.998,1.0,FORMAT_MISMATCH,val_conf=0.40,0.0,,
plate_crop_002.png,1,TRK_102,0.038,SX8525,SX8525,0.994,1.0,FORMAT_MISMATCH,val_conf=0.40,0.0,,
plate_crop_003.png,1,TRK_103,0.038,LR,LR,0.431,1.0,INVALID,val_conf=0.00,0.0,,
plate_crop_001.png,1,TRK_101,0.038,KW527,KW527,0.998,1.0,FORMAT_MISMATCH,val_conf=0.40,0.0,,
plate_crop_002.png,1,TRK_102,0.038,SX8525,SX8525,0.994,1.0,FORMAT_MISMATCH,val_conf=0.40,0.0,,
plate_crop_003.png,1,TRK_103,0.038,LR,LR,0.431,1.0,INVALID,val_conf=0.00,0.0,,
plate_crop_001.png,1,TRK_101,0.038,KW527,KW527,0.998,1.0,FORMAT_MISMATCH,val_conf=0.40,0.0,,
plate_crop_002.png,1,TRK_102,0.038,SX8525,SX8525,0.994,1.0,FORMAT_MISMATCH,val_conf=0.40,0.0,,
plate_crop_003.png,1,TRK_103,0.038,LR,LR,0.431,1.0,INVALID,val_conf=0.00,0.0,,
plate_crop_004.png,3,TRK_104,0.114,X0147,X0147,0.765,1.0,FORMAT_MISMATCH,val_conf=0.40,0.0,,
plate_crop_005.png,7,TRK_103,0.266,,,0.0,1.0,INVALID,val_conf=0.00,0.0,,
plate_crop_006.png,8,TRK_104,0.304,,,0.0,1.0,INVALID,val_conf=0.00,0.0,,
plate_crop_007.png,20,TRK_105,0.76,,,0.0,1.0,INVALID,val_conf=0.00,0.0,,
plate_crop_008.png,23,TRK_106,0.873,,,0.0,1.0,INVALID,val_conf=0.00,0.0,,
plate_crop_009.png,23,TRK_107,0.873,,,0.0,1.0,INVALID,val_conf=0.00,0.0,,
plate_crop_010.png,26,TRK_108,0.987,,,0.0,1.0,INVALID,val_conf=0.00,0.0,,
plate_crop_011.png,33,TRK_107,1.253,MC,MC,0.722,1.0,INVALID,val_conf=0.00,0.0,,
plate_crop_001.png,1,TRK_101,0.038,KW527,KW527,0.998,1.0,FORMAT_MISMATCH,val_conf=0.40,0.0,,
plate_crop_002.png,1,TRK_102,0.038,SX8525,SX8525,0.994,1.0,FORMAT_MISMATCH,val_conf=0.40,0.0,,
plate_crop_003.png,1,TRK_103,0.038,LR,LR,0.431,1.0,INVALID,val_conf=0.00,0.0,,
plate_crop_004.png,3,TRK_104,0.114,X0147,X0147,0.765,1.0,FORMAT_MISMATCH,val_conf=0.40,0.0,,
plate_crop_005.png,7,TRK_103,0.266,,,0.0,1.0,INVALID,val_conf=0.00,0.0,,
plate_crop_006.png,8,TRK_104,0.304,,,0.0,1.0,INVALID,val_conf=0.00,0.0,,
plate_crop_007.png,20,TRK_105,0.76,,,0.0,1.0,INVALID,val_conf=0.00,0.0,,
plate_crop_008.png,23,TRK_106,0.873,,,0.0,1.0,INVALID,val_conf=0.00,0.0,,
plate_crop_009.png,23,TRK_107,0.873,,,0.0,1.0,INVALID,val_conf=0.00,0.0,,
plate_crop_010.png,26,TRK_108,0.987,,,0.0,1.0,INVALID,val_conf=0.00,0.0,,
plate_crop_011.png,33,TRK_107,1.253,MC,MC,0.722,1.0,INVALID,val_conf=0.00,0.0,,
plate_crop_012.png,36,TRK_108,1.367,WGP19,WGP19,0.83,1.0,FORMAT_MISMATCH,val_conf=0.40,0.0,,
plate_crop_013.png,68,TRK_106,2.582,PTS5330,PTS5330,0.875,1.0,FORMAT_MISMATCH,val_conf=0.40,0.0,,
plate_crop_014.png,90,TRK_109,3.418,,,0.0,1.0,INVALID,val_conf=0.00,0.0,,
plate_crop_015.png,93,TRK_110,3.532,LA,LA,0.375,1.0,INVALID,val_conf=0.00,0.0,,
plate_crop_016.png,98,TRK_110,3.722,AL,AL,0.68,1.0,INVALID,val_conf=0.00,0.0,,
plate_crop_017.png,98,TRK_111,3.722,,,0.0,1.0,INVALID,val_conf=0.00,0.0,,
plate_crop_001.png,1,TRK_101,0.038,KW527,KW527,0.998,1.0,FORMAT_MISMATCH,val_conf=0.40,0.0,,
plate_crop_002.png,1,TRK_102,0.038,SX8525,SX8525,0.994,1.0,FORMAT_MISMATCH,val_conf=0.40,0.0,,
plate_crop_003.png,1,TRK_103,0.038,LR,LR,0.431,1.0,INVALID,val_conf=0.00,0.0,,
plate_crop_004.png,3,TRK_104,0.114,X0147,X0147,0.765,1.0,FORMAT_MISMATCH,val_conf=0.40,0.0,,
plate_crop_005.png,7,TRK_103,0.266,,,0.0,1.0,INVALID,val_conf=0.00,0.0,,
plate_crop_006.png,8,TRK_104,0.304,,,0.0,1.0,INVALID,val_conf=0.00,0.0,,
plate_crop_007.png,20,TRK_105,0.76,,,0.0,1.0,INVALID,val_conf=0.00,0.0,,
plate_crop_008.png,23,TRK_106,0.873,,,0.0,1.0,INVALID,val_conf=0.00,0.0,,
plate_crop_009.png,23,TRK_107,0.873,,,0.0,1.0,INVALID,val_conf=0.00,0.0,,
plate_crop_001.png,1,TRK_101,0.038,KW527,KW527,0.998,1.0,FORMAT_MISMATCH,val_conf=0.40,0.0,,
plate_crop_002.png,1,TRK_102,0.038,SX8525,SX8525,0.994,1.0,FORMAT_MISMATCH,val_conf=0.40,0.0,,
plate_crop_003.png,1,TRK_103,0.038,LR,LR,0.431,1.0,INVALID,val_conf=0.00,0.0,,
plate_crop_004.png,3,TRK_104,0.114,X0147,X0147,0.765,1.0,FORMAT_MISMATCH,val_conf=0.40,0.0,,
plate_crop_005.png,7,TRK_103,0.266,,,0.0,1.0,INVALID,val_conf=0.00,0.0,,
plate_crop_006.png,8,TRK_104,0.304,,,0.0,1.0,INVALID,val_conf=0.00,0.0,,
plate_crop_007.png,20,TRK_105,0.76,,,0.0,1.0,INVALID,val_conf=0.00,0.0,,
plate_crop_008.png,23,TRK_106,0.873,,,0.0,1.0,INVALID,val_conf=0.00,0.0,,
plate_crop_009.png,23,TRK_107,0.873,,,0.0,1.0,INVALID,val_conf=0.00,0.0,,
plate_crop_010.png,26,TRK_108,0.987,,,0.0,1.0,INVALID,val_conf=0.00,0.0,,
plate_crop_011.png,33,TRK_107,1.253,MC,MC,0.722,1.0,INVALID,val_conf=0.00,0.0,,
plate_crop_012.png,36,TRK_108,1.367,WGP19,WGP19,0.83,1.0,FORMAT_MISMATCH,val_conf=0.40,0.0,,
plate_crop_013.png,68,TRK_106,2.582,PTS5330,PTS5330,0.875,1.0,FORMAT_MISMATCH,val_conf=0.40,0.0,,
plate_crop_014.png,90,TRK_109,3.418,,,0.0,1.0,INVALID,val_conf=0.00,0.0,,
plate_crop_015.png,93,TRK_110,3.532,LA,LA,0.375,1.0,INVALID,val_conf=0.00,0.0,,
plate_crop_016.png,98,TRK_110,3.722,AL,AL,0.68,1.0,INVALID,val_conf=0.00,0.0,,
plate_crop_017.png,98,TRK_111,3.722,,,0.0,1.0,INVALID,val_conf=0.00,0.0,,
plate_crop_018.png,103,TRK_111,3.911,11,11,0.691,1.0,INVALID,val_conf=0.00,0.0,,
plate_crop_019.png,126,TRK_112,4.785,,,0.0,1.0,INVALID,val_conf=0.00,0.0,,
plate_crop_020.png,145,TRK_109,5.506,VV51N,VV51N,0.44,1.0,FORMAT_MISMATCH,val_conf=0.40,0.0,,
plate_crop_021.png,146,TRK_112,5.544,11,11,0.346,1.0,INVALID,val_conf=0.00,0.0,,
plate_crop_022.png,157,TRK_113,5.962,,,0.0,1.0,INVALID,val_conf=0.00,0.0,,
plate_crop_023.png,191,TRK_114,7.253,,,0.0,1.0,INVALID,val_conf=0.00,0.0,,
plate_crop_024.png,193,TRK_115,7.329,,,0.0,1.0,INVALID,val_conf=0.00,0.0,,
plate_crop_025.png,196,TRK_114,7.443,FNG219,FNG219,0.748,1.0,FORMAT_MISMATCH,val_conf=0.40,0.0,,
plate_crop_026.png,199,TRK_116,7.557,VN472,VN472,0.982,1.0,FORMAT_MISMATCH,val_conf=0.40,0.0,,
plate_crop_027.png,204,TRK_116,7.747,VN,VN,0.914,1.0,INVALID,val_conf=0.00,0.0,,
plate_crop_028.png,232,TRK_117,8.81,,,0.0,1.0,INVALID,val_conf=0.00,0.0,,
plate_crop_029.png,235,TRK_118,8.924,,,0.0,1.0,INVALID,val_conf=0.00,0.0,,
plate_crop_030.png,237,TRK_117,9.0,FJZ8479,FJZ8479,0.819,1.0,FORMAT_MISMATCH,val_conf=0.40,0.0,,
plate_crop_001.png,1,TRK_101,0.038,KW527,KW527,0.998,1.0,FORMAT_MISMATCH,val_conf=0.40,0.0,,
plate_crop_002.png,1,TRK_102,0.038,SX8525,SX8525,0.994,1.0,FORMAT_MISMATCH,val_conf=0.40,0.0,,
plate_crop_003.png,1,TRK_103,0.038,LR,LR,0.431,1.0,INVALID,val_conf=0.00,0.0,,
plate_crop_004.png,3,TRK_104,0.114,X0147,X0147,0.765,1.0,FORMAT_MISMATCH,val_conf=0.40,0.0,,
plate_crop_005.png,7,TRK_103,0.266,,,0.0,1.0,INVALID,val_conf=0.00,0.0,,
plate_crop_006.png,8,TRK_104,0.304,,,0.0,1.0,INVALID,val_conf=0.00,0.0,,
plate_crop_007.png,20,TRK_105,0.76,,,0.0,1.0,INVALID,val_conf=0.00,0.0,,
plate_crop_008.png,23,TRK_106,0.873,,,0.0,1.0,INVALID,val_conf=0.00,0.0,,
plate_crop_009.png,23,TRK_107,0.873,,,0.0,1.0,INVALID,val_conf=0.00,0.0,,
plate_crop_010.png,26,TRK_108,0.987,,,0.0,1.0,INVALID,val_conf=0.00,0.0,,
plate_crop_011.png,33,TRK_107,1.253,MC,MC,0.722,1.0,INVALID,val_conf=0.00,0.0,,
plate_crop_012.png,36,TRK_108,1.367,WGP19,WGP19,0.83,1.0,FORMAT_MISMATCH,val_conf=0.40,0.0,,
plate_crop_013.png,68,TRK_106,2.582,PTS5330,PTS5330,0.875,1.0,FORMAT_MISMATCH,val_conf=0.40,0.0,,
plate_crop_014.png,90,TRK_109,3.418,,,0.0,1.0,INVALID,val_conf=0.00,0.0,,
plate_crop_015.png,93,TRK_110,3.532,LA,LA,0.375,1.0,INVALID,val_conf=0.00,0.0,,
plate_crop_016.png,98,TRK_110,3.722,AL,AL,0.68,1.0,INVALID,val_conf=0.00,0.0,,
plate_crop_017.png,98,TRK_111,3.722,,,0.0,1.0,INVALID,val_conf=0.00,0.0,,
plate_crop_018.png,103,TRK_111,3.911,11,11,0.691,1.0,INVALID,val_conf=0.00,0.0,,
plate_crop_019.png,126,TRK_112,4.785,,,0.0,1.0,INVALID,val_conf=0.00,0.0,,
plate_crop_020.png,145,TRK_109,5.506,VV51N,VV51N,0.44,1.0,FORMAT_MISMATCH,val_conf=0.40,0.0,,
plate_crop_021.png,146,TRK_112,5.544,11,11,0.346,1.0,INVALID,val_conf=0.00,0.0,,
plate_crop_022.png,157,TRK_113,5.962,,,0.0,1.0,INVALID,val_conf=0.00,0.0,,
plate_crop_023.png,191,TRK_114,7.253,,,0.0,1.0,INVALID,val_conf=0.00,0.0,,
plate_crop_024.png,193,TRK_115,7.329,,,0.0,1.0,INVALID,val_conf=0.00,0.0,,
plate_crop_025.png,196,TRK_114,7.443,FNG219,FNG219,0.748,1.0,FORMAT_MISMATCH,val_conf=0.40,0.0,,
plate_crop_026.png,199,TRK_116,7.557,VN472,VN472,0.982,1.0,FORMAT_MISMATCH,val_conf=0.40,0.0,,
plate_crop_027.png,204,TRK_116,7.747,VN,VN,0.914,1.0,INVALID,val_conf=0.00,0.0,,
plate_crop_028.png,232,TRK_117,8.81,,,0.0,1.0,INVALID,val_conf=0.00,0.0,,
plate_crop_029.png,235,TRK_118,8.924,,,0.0,1.0,INVALID,val_conf=0.00,0.0,,
plate_crop_030.png,237,TRK_117,9.0,FJZ8479,FJZ8479,0.819,1.0,FORMAT_MISMATCH,val_conf=0.40,0.0,,
plate_crop_001.png,1,TRK_101,0.038,KW527,KW527,0.998,1.0,FORMAT_MISMATCH,val_conf=0.40,0.0,,
plate_crop_002.png,1,TRK_102,0.038,SX8525,SX8525,0.994,1.0,FORMAT_MISMATCH,val_conf=0.40,0.0,,
plate_crop_003.png,1,TRK_103,0.038,LR,LR,0.431,1.0,INVALID,val_conf=0.00,0.0,,
plate_crop_004.png,3,TRK_104,0.114,X0147,X0147,0.765,1.0,FORMAT_MISMATCH,val_conf=0.40,0.0,,
plate_crop_005.png,7,TRK_103,0.266,,,0.0,1.0,INVALID,val_conf=0.00,0.0,,
plate_crop_006.png,8,TRK_104,0.304,,,0.0,1.0,INVALID,val_conf=0.00,0.0,,
plate_crop_007.png,20,TRK_105,0.76,,,0.0,1.0,INVALID,val_conf=0.00,0.0,,
plate_crop_008.png,23,TRK_106,0.873,,,0.0,1.0,INVALID,val_conf=0.00,0.0,,
plate_crop_009.png,23,TRK_107,0.873,,,0.0,1.0,INVALID,val_conf=0.00,0.0,,
plate_crop_010.png,26,TRK_108,0.987,,,0.0,1.0,INVALID,val_conf=0.00,0.0,,
plate_crop_011.png,33,TRK_107,1.253,MC,MC,0.722,1.0,INVALID,val_conf=0.00,0.0,,
plate_crop_012.png,36,TRK_108,1.367,WGP19,WGP19,0.83,1.0,FORMAT_MISMATCH,val_conf=0.40,0.0,,
plate_crop_013.png,68,TRK_106,2.582,PTS5330,PTS5330,0.875,1.0,FORMAT_MISMATCH,val_conf=0.40,0.0,,
plate_crop_014.png,90,TRK_109,3.418,,,0.0,1.0,INVALID,val_conf=0.00,0.0,,
plate_crop_015.png,93,TRK_110,3.532,LA,LA,0.375,1.0,INVALID,val_conf=0.00,0.0,,
plate_crop_016.png,98,TRK_110,3.722,AL,AL,0.68,1.0,INVALID,val_conf=0.00,0.0,,
plate_crop_017.png,98,TRK_111,3.722,,,0.0,1.0,INVALID,val_conf=0.00,0.0,,
plate_crop_018.png,103,TRK_111,3.911,11,11,0.691,1.0,INVALID,val_conf=0.00,0.0,,
plate_crop_019.png,126,TRK_112,4.785,,,0.0,1.0,INVALID,val_conf=0.00,0.0,,
plate_crop_020.png,145,TRK_109,5.506,VV51N,VV51N,0.44,1.0,FORMAT_MISMATCH,val_conf=0.40,0.0,,
plate_crop_021.png,146,TRK_112,5.544,11,11,0.346,1.0,INVALID,val_conf=0.00,0.0,,
plate_crop_022.png,157,TRK_113,5.962,,,0.0,1.0,INVALID,val_conf=0.00,0.0,,
plate_crop_023.png,191,TRK_114,7.253,,,0.0,1.0,INVALID,val_conf=0.00,0.0,,
plate_crop_024.png,193,TRK_115,7.329,,,0.0,1.0,INVALID,val_conf=0.00,0.0,,
plate_crop_025.png,196,TRK_114,7.443,FNG219,FNG219,0.748,1.0,FORMAT_MISMATCH,val_conf=0.40,0.0,,
plate_crop_026.png,199,TRK_116,7.557,VN472,VN472,0.982,1.0,FORMAT_MISMATCH,val_conf=0.40,0.0,,
plate_crop_027.png,204,TRK_116,7.747,VN,VN,0.914,1.0,INVALID,val_conf=0.00,0.0,,
plate_crop_028.png,232,TRK_117,8.81,,,0.0,1.0,INVALID,val_conf=0.00,0.0,,
plate_crop_029.png,235,TRK_118,8.924,,,0.0,1.0,INVALID,val_conf=0.00,0.0,,
plate_crop_030.png,237,TRK_117,9.0,FJZ8479,FJZ8479,0.819,1.0,FORMAT_MISMATCH,val_conf=0.40,0.0,,
plate_crop_001.png,1,TRK_101,0.038,KW527,KW527,0.998,1.0,FORMAT_MISMATCH,val_conf=0.40,0.0,,
plate_crop_002.png,1,TRK_102,0.038,SX8525,SX8525,0.994,1.0,FORMAT_MISMATCH,val_conf=0.40,0.0,,
plate_crop_003.png,1,TRK_103,0.038,LR,LR,0.431,1.0,INVALID,val_conf=0.00,0.0,,
plate_crop_004.png,3,TRK_104,0.114,X0147,X0147,0.765,1.0,FORMAT_MISMATCH,val_conf=0.40,0.0,,
plate_crop_005.png,7,TRK_103,0.266,,,0.0,1.0,INVALID,val_conf=0.00,0.0,,
plate_crop_006.png,8,TRK_104,0.304,,,0.0,1.0,INVALID,val_conf=0.00,0.0,,
plate_crop_007.png,20,TRK_105,0.76,,,0.0,1.0,INVALID,val_conf=0.00,0.0,,
plate_crop_008.png,23,TRK_106,0.873,,,0.0,1.0,INVALID,val_conf=0.00,0.0,,
plate_crop_009.png,23,TRK_107,0.873,,,0.0,1.0,INVALID,val_conf=0.00,0.0,,
plate_crop_010.png,26,TRK_108,0.987,,,0.0,1.0,INVALID,val_conf=0.00,0.0,,
plate_crop_011.png,33,TRK_107,1.253,MC,MC,0.722,1.0,INVALID,val_conf=0.00,0.0,,
plate_crop_012.png,36,TRK_108,1.367,WGP19,WGP19,0.83,1.0,FORMAT_MISMATCH,val_conf=0.40,0.0,,
plate_crop_013.png,68,TRK_106,2.582,PTS5330,PTS5330,0.875,1.0,FORMAT_MISMATCH,val_conf=0.40,0.0,,
plate_crop_014.png,90,TRK_109,3.418,,,0.0,1.0,INVALID,val_conf=0.00,0.0,,
plate_crop_015.png,93,TRK_110,3.532,LA,LA,0.375,1.0,INVALID,val_conf=0.00,0.0,,
plate_crop_016.png,98,TRK_110,3.722,AL,AL,0.68,1.0,INVALID,val_conf=0.00,0.0,,
plate_crop_017.png,98,TRK_111,3.722,,,0.0,1.0,INVALID,val_conf=0.00,0.0,,
plate_crop_018.png,103,TRK_111,3.911,11,11,0.691,1.0,INVALID,val_conf=0.00,0.0,,
plate_crop_019.png,126,TRK_112,4.785,,,0.0,1.0,INVALID,val_conf=0.00,0.0,,
plate_crop_020.png,145,TRK_109,5.506,VV51N,VV51N,0.44,1.0,FORMAT_MISMATCH,val_conf=0.40,0.0,,
plate_crop_021.png,146,TRK_112,5.544,11,11,0.346,1.0,INVALID,val_conf=0.00,0.0,,
plate_crop_022.png,157,TRK_113,5.962,,,0.0,1.0,INVALID,val_conf=0.00,0.0,,
plate_crop_023.png,191,TRK_114,7.253,,,0.0,1.0,INVALID,val_conf=0.00,0.0,,
plate_crop_024.png,193,TRK_115,7.329,,,0.0,1.0,INVALID,val_conf=0.00,0.0,,
plate_crop_025.png,196,TRK_114,7.443,FNG219,FNG219,0.748,1.0,FORMAT_MISMATCH,val_conf=0.40,0.0,,
plate_crop_026.png,199,TRK_116,7.557,VN472,VN472,0.982,1.0,FORMAT_MISMATCH,val_conf=0.40,0.0,,
plate_crop_027.png,204,TRK_116,7.747,VN,VN,0.914,1.0,INVALID,val_conf=0.00,0.0,,
plate_crop_028.png,232,TRK_117,8.81,,,0.0,1.0,INVALID,val_conf=0.00,0.0,,
plate_crop_029.png,235,TRK_118,8.924,,,0.0,1.0,INVALID,val_conf=0.00,0.0,,
plate_crop_030.png,237,TRK_117,9.0,FJZ8479,FJZ8479,0.819,1.0,FORMAT_MISMATCH,val_conf=0.40,0.0,,
plate_crop_001.png,1,TRK_101,0.038,KW527,KW527,0.998,1.0,FORMAT_MISMATCH,val_conf=0.40,0.0,,
plate_crop_002.png,1,TRK_102,0.038,SX8525,SX8525,0.994,1.0,FORMAT_MISMATCH,val_conf=0.40,0.0,,
plate_crop_003.png,1,TRK_103,0.038,LR,LR,0.431,1.0,INVALID,val_conf=0.00,0.0,,
plate_crop_004.png,3,TRK_104,0.114,X0147,X0147,0.765,1.0,FORMAT_MISMATCH,val_conf=0.40,0.0,,
plate_crop_005.png,7,TRK_103,0.266,,,0.0,1.0,INVALID,val_conf=0.00,0.0,,
plate_crop_006.png,8,TRK_104,0.304,,,0.0,1.0,INVALID,val_conf=0.00,0.0,,
plate_crop_007.png,20,TRK_105,0.76,,,0.0,1.0,INVALID,val_conf=0.00,0.0,,
plate_crop_008.png,23,TRK_106,0.873,,,0.0,1.0,INVALID,val_conf=0.00,0.0,,
plate_crop_009.png,23,TRK_107,0.873,,,0.0,1.0,INVALID,val_conf=0.00,0.0,,
plate_crop_010.png,26,TRK_108,0.987,,,0.0,1.0,INVALID,val_conf=0.00,0.0,,
plate_crop_011.png,33,TRK_107,1.253,MC,MC,0.722,1.0,INVALID,val_conf=0.00,0.0,,
plate_crop_012.png,36,TRK_108,1.367,WGP19,WGP19,0.83,1.0,FORMAT_MISMATCH,val_conf=0.40,0.0,,
plate_crop_001.png,1,TRK_101,0.038,KW527,KW527,0.998,1.0,FORMAT_MISMATCH,val_conf=0.40,0.0,,
plate_crop_002.png,1,TRK_102,0.038,SX8525,SX8525,0.994,1.0,FORMAT_MISMATCH,val_conf=0.40,0.0,,
plate_crop_003.png,1,TRK_103,0.038,LR,LR,0.431,1.0,INVALID,val_conf=0.00,0.0,,
plate_crop_004.png,3,TRK_104,0.114,X0147,X0147,0.765,1.0,FORMAT_MISMATCH,val_conf=0.40,0.0,,
plate_crop_005.png,7,TRK_103,0.266,,,0.0,1.0,INVALID,val_conf=0.00,0.0,,
plate_crop_006.png,8,TRK_104,0.304,,,0.0,1.0,INVALID,val_conf=0.00,0.0,,
plate_crop_007.png,20,TRK_105,0.76,,,0.0,1.0,INVALID,val_conf=0.00,0.0,,
plate_crop_008.png,23,TRK_106,0.873,,,0.0,1.0,INVALID,val_conf=0.00,0.0,,
plate_crop_009.png,23,TRK_107,0.873,,,0.0,1.0,INVALID,val_conf=0.00,0.0,,
plate_crop_010.png,26,TRK_108,0.987,,,0.0,1.0,INVALID,val_conf=0.00,0.0,,
plate_crop_011.png,33,TRK_107,1.253,MC,MC,0.722,1.0,INVALID,val_conf=0.00,0.0,,
plate_crop_012.png,36,TRK_108,1.367,WGP19,WGP19,0.83,1.0,FORMAT_MISMATCH,val_conf=0.40,0.0,,
plate_crop_013.png,68,TRK_106,2.582,PTS5330,PTS5330,0.875,1.0,FORMAT_MISMATCH,val_conf=0.40,0.0,,
plate_crop_014.png,90,TRK_109,3.418,,,0.0,1.0,INVALID,val_conf=0.00,0.0,,
plate_crop_015.png,93,TRK_110,3.532,LA,LA,0.375,1.0,INVALID,val_conf=0.00,0.0,,
plate_crop_016.png,98,TRK_110,3.722,AL,AL,0.68,1.0,INVALID,val_conf=0.00,0.0,,
plate_crop_017.png,98,TRK_111,3.722,,,0.0,1.0,INVALID,val_conf=0.00,0.0,,
plate_crop_001.png,1,TRK_101,0.038,KW527,KW527,0.998,1.0,FORMAT_MISMATCH,val_conf=0.40,0.0,,
plate_crop_002.png,1,TRK_102,0.038,SX8525,SX8525,0.994,1.0,FORMAT_MISMATCH,val_conf=0.40,0.0,,
plate_crop_003.png,1,TRK_103,0.038,LR,LR,0.431,1.0,INVALID,val_conf=0.00,0.0,,
plate_crop_004.png,3,TRK_104,0.114,X0147,X0147,0.765,1.0,FORMAT_MISMATCH,val_conf=0.40,0.0,,
plate_crop_005.png,7,TRK_103,0.266,,,0.0,1.0,INVALID,val_conf=0.00,0.0,,
plate_crop_006.png,8,TRK_104,0.304,,,0.0,1.0,INVALID,val_conf=0.00,0.0,,
plate_crop_007.png,20,TRK_105,0.76,,,0.0,1.0,INVALID,val_conf=0.00,0.0,,
plate_crop_008.png,23,TRK_106,0.873,,,0.0,1.0,INVALID,val_conf=0.00,0.0,,
plate_crop_009.png,23,TRK_107,0.873,,,0.0,1.0,INVALID,val_conf=0.00,0.0,,
plate_crop_010.png,26,TRK_108,0.987,,,0.0,1.0,INVALID,val_conf=0.00,0.0,,
plate_crop_011.png,33,TRK_107,1.253,MC,MC,0.722,1.0,INVALID,val_conf=0.00,0.0,,
plate_crop_012.png,36,TRK_108,1.367,WGP19,WGP19,0.83,1.0,FORMAT_MISMATCH,val_conf=0.40,0.0,,
plate_crop_013.png,68,TRK_106,2.582,PTS5330,PTS5330,0.875,1.0,FORMAT_MISMATCH,val_conf=0.40,0.0,,
plate_crop_014.png,90,TRK_109,3.418,,,0.0,1.0,INVALID,val_conf=0.00,0.0,,
plate_crop_015.png,93,TRK_110,3.532,LA,LA,0.375,1.0,INVALID,val_conf=0.00,0.0,,
plate_crop_016.png,98,TRK_110,3.722,AL,AL,0.68,1.0,INVALID,val_conf=0.00,0.0,,
plate_crop_017.png,98,TRK_111,3.722,,,0.0,1.0,INVALID,val_conf=0.00,0.0,,
plate_crop_018.png,103,TRK_111,3.911,11,11,0.691,1.0,INVALID,val_conf=0.00,0.0,,
plate_crop_019.png,126,TRK_112,4.785,,,0.0,1.0,INVALID,val_conf=0.00,0.0,,
plate_crop_020.png,145,TRK_109,5.506,VV51N,VV51N,0.44,1.0,FORMAT_MISMATCH,val_conf=0.40,0.0,,
plate_crop_021.png,146,TRK_112,5.544,11,11,0.346,1.0,INVALID,val_conf=0.00,0.0,,
plate_crop_022.png,149,TRK_113,5.658,,,0.0,1.0,INVALID,val_conf=0.00,0.0,,
plate_crop_023.png,191,TRK_114,7.253,,,0.0,1.0,INVALID,val_conf=0.00,0.0,,
plate_crop_024.png,193,TRK_115,7.329,,,0.0,1.0,INVALID,val_conf=0.00,0.0,,
plate_crop_025.png,196,TRK_114,7.443,FNG219,FNG219,0.748,1.0,FORMAT_MISMATCH,val_conf=0.40,0.0,,
plate_crop_026.png,199,TRK_116,7.557,VN472,VN472,0.982,1.0,FORMAT_MISMATCH,val_conf=0.40,0.0,,
plate_crop_001.png,1,TRK_101,0.038,KW527,KW527,0.998,1.0,FORMAT_MISMATCH,val_conf=0.40,0.0,,
plate_crop_002.png,1,TRK_102,0.038,SX8525,SX8525,0.994,1.0,FORMAT_MISMATCH,val_conf=0.40,0.0,,
plate_crop_003.png,1,TRK_103,0.038,LR,LR,0.431,1.0,INVALID,val_conf=0.00,0.0,,
plate_crop_004.png,3,TRK_104,0.114,X0147,X0147,0.765,1.0,FORMAT_MISMATCH,val_conf=0.40,0.0,,
plate_crop_005.png,7,TRK_103,0.266,,,0.0,1.0,INVALID,val_conf=0.00,0.0,,
plate_crop_006.png,8,TRK_104,0.304,,,0.0,1.0,INVALID,val_conf=0.00,0.0,,
plate_crop_007.png,20,TRK_105,0.76,,,0.0,1.0,INVALID,val_conf=0.00,0.0,,
plate_crop_008.png,23,TRK_106,0.873,,,0.0,1.0,INVALID,val_conf=0.00,0.0,,
plate_crop_009.png,23,TRK_107,0.873,,,0.0,1.0,INVALID,val_conf=0.00,0.0,,
plate_crop_010.png,26,TRK_108,0.987,,,0.0,1.0,INVALID,val_conf=0.00,0.0,,
plate_crop_011.png,33,TRK_107,1.253,MC,MC,0.722,1.0,INVALID,val_conf=0.00,0.0,,
plate_crop_012.png,36,TRK_108,1.367,WGP19,WGP19,0.83,1.0,FORMAT_MISMATCH,val_conf=0.40,0.0,,
plate_crop_013.png,68,TRK_106,2.582,PTS5330,PTS5330,0.875,1.0,FORMAT_MISMATCH,val_conf=0.40,0.0,,
plate_crop_014.png,90,TRK_109,3.418,,,0.0,1.0,INVALID,val_conf=0.00,0.0,,
plate_crop_015.png,93,TRK_110,3.532,LA,LA,0.375,1.0,INVALID,val_conf=0.00,0.0,,
plate_crop_016.png,98,TRK_110,3.722,AL,AL,0.68,1.0,INVALID,val_conf=0.00,0.0,,
plate_crop_017.png,98,TRK_111,3.722,,,0.0,1.0,INVALID,val_conf=0.00,0.0,,
plate_crop_018.png,103,TRK_111,3.911,11,11,0.691,1.0,INVALID,val_conf=0.00,0.0,,
plate_crop_019.png,126,TRK_112,4.785,,,0.0,1.0,INVALID,val_conf=0.00,0.0,,
plate_crop_020.png,145,TRK_109,5.506,VV51N,VV51N,0.44,1.0,FORMAT_MISMATCH,val_conf=0.40,0.0,,
plate_crop_021.png,146,TRK_112,5.544,11,11,0.346,1.0,INVALID,val_conf=0.00,0.0,,
plate_crop_022.png,149,TRK_113,5.658,,,0.0,1.0,INVALID,val_conf=0.00,0.0,,
plate_crop_023.png,191,TRK_114,7.253,,,0.0,1.0,INVALID,val_conf=0.00,0.0,,
plate_crop_024.png,193,TRK_115,7.329,,,0.0,1.0,INVALID,val_conf=0.00,0.0,,
plate_crop_025.png,196,TRK_114,7.443,FNG219,FNG219,0.748,1.0,FORMAT_MISMATCH,val_conf=0.40,0.0,,
plate_crop_026.png,199,TRK_116,7.557,VN472,VN472,0.982,1.0,FORMAT_MISMATCH,val_conf=0.40,0.0,,
plate_crop_027.png,204,TRK_116,7.747,VN,VN,0.914,1.0,INVALID,val_conf=0.00,0.0,,
plate_crop_028.png,232,TRK_117,8.81,,,0.0,1.0,INVALID,val_conf=0.00,0.0,,
plate_crop_029.png,235,TRK_118,8.924,,,0.0,1.0,INVALID,val_conf=0.00,0.0,,
plate_crop_030.png,237,TRK_117,9.0,FJZ8479,FJZ8479,0.819,1.0,FORMAT_MISMATCH,val_conf=0.40,0.0,,
plate_crop_001.png,1,TRK_101,0.038,KW527,KW527,0.998,1.0,FORMAT_MISMATCH,val_conf=0.40,0.0,,
plate_crop_002.png,1,TRK_102,0.038,SX8525,SX8525,0.994,1.0,FORMAT_MISMATCH,val_conf=0.40,0.0,,
plate_crop_003.png,1,TRK_103,0.038,LR,LR,0.431,1.0,INVALID,val_conf=0.00,0.0,,
plate_crop_004.png,3,TRK_104,0.114,X0147,X0147,0.765,1.0,FORMAT_MISMATCH,val_conf=0.40,0.0,,
plate_crop_005.png,7,TRK_103,0.266,,,0.0,1.0,INVALID,val_conf=0.00,0.0,,
plate_crop_006.png,8,TRK_104,0.304,,,0.0,1.0,INVALID,val_conf=0.00,0.0,,
plate_crop_007.png,20,TRK_105,0.76,,,0.0,1.0,INVALID,val_conf=0.00,0.0,,
plate_crop_008.png,23,TRK_106,0.873,,,0.0,1.0,INVALID,val_conf=0.00,0.0,,
plate_crop_009.png,23,TRK_107,0.873,,,0.0,1.0,INVALID,val_conf=0.00,0.0,,
plate_crop_010.png,26,TRK_108,0.987,,,0.0,1.0,INVALID,val_conf=0.00,0.0,,
plate_crop_011.png,33,TRK_107,1.253,MC,MC,0.722,1.0,INVALID,val_conf=0.00,0.0,,
plate_crop_012.png,36,TRK_108,1.367,WGP19,WGP19,0.83,1.0,FORMAT_MISMATCH,val_conf=0.40,0.0,,
plate_crop_013.png,68,TRK_106,2.582,PTS5330,PTS5330,0.875,1.0,FORMAT_MISMATCH,val_conf=0.40,0.0,,
plate_crop_014.png,90,TRK_109,3.418,,,0.0,1.0,INVALID,val_conf=0.00,0.0,,
plate_crop_015.png,93,TRK_110,3.532,LA,LA,0.375,1.0,INVALID,val_conf=0.00,0.0,,
plate_crop_016.png,98,TRK_110,3.722,AL,AL,0.68,1.0,INVALID,val_conf=0.00,0.0,,
plate_crop_017.png,98,TRK_111,3.722,,,0.0,1.0,INVALID,val_conf=0.00,0.0,,
plate_crop_018.png,103,TRK_111,3.911,11,11,0.691,1.0,INVALID,val_conf=0.00,0.0,,
plate_crop_019.png,126,TRK_112,4.785,,,0.0,1.0,INVALID,val_conf=0.00,0.0,,
plate_crop_020.png,145,TRK_109,5.506,VV51N,VV51N,0.44,1.0,FORMAT_MISMATCH,val_conf=0.40,0.0,,
plate_crop_021.png,146,TRK_112,5.544,11,11,0.346,1.0,INVALID,val_conf=0.00,0.0,,
plate_crop_022.png,149,TRK_113,5.658,,,0.0,1.0,INVALID,val_conf=0.00,0.0,,
plate_crop_023.png,191,TRK_114,7.253,,,0.0,1.0,INVALID,val_conf=0.00,0.0,,
plate_crop_024.png,193,TRK_115,7.329,,,0.0,1.0,INVALID,val_conf=0.00,0.0,,
plate_crop_025.png,196,TRK_114,7.443,FNG219,FNG219,0.748,1.0,FORMAT_MISMATCH,val_conf=0.40,0.0,,
plate_crop_026.png,199,TRK_116,7.557,VN472,VN472,0.982,1.0,FORMAT_MISMATCH,val_conf=0.40,0.0,,
plate_crop_027.png,204,TRK_116,7.747,VN,VN,0.914,1.0,INVALID,val_conf=0.00,0.0,,
plate_crop_028.png,232,TRK_117,8.81,,,0.0,1.0,INVALID,val_conf=0.00,0.0,,
plate_crop_029.png,235,TRK_118,8.924,,,0.0,1.0,INVALID,val_conf=0.00,0.0,,
plate_crop_030.png,237,TRK_117,9.0,FJZ8479,FJZ8479,0.819,1.0,FORMAT_MISMATCH,val_conf=0.40,0.0,,
plate_crop_001.png,1,TRK_101,0.038,KW527,KW527,0.998,1.0,FORMAT_MISMATCH,val_conf=0.40,0.0,,
plate_crop_002.png,1,TRK_102,0.038,SX8525,SX8525,0.994,1.0,FORMAT_MISMATCH,val_conf=0.40,0.0,,
plate_crop_003.png,1,TRK_103,0.038,LR,LR,0.431,1.0,INVALID,val_conf=0.00,0.0,,
plate_crop_004.png,3,TRK_104,0.114,X0147,X0147,0.765,1.0,FORMAT_MISMATCH,val_conf=0.40,0.0,,
plate_crop_005.png,7,TRK_103,0.266,,,0.0,1.0,INVALID,val_conf=0.00,0.0,,
plate_crop_006.png,8,TRK_104,0.304,,,0.0,1.0,INVALID,val_conf=0.00,0.0,,
plate_crop_007.png,20,TRK_105,0.76,,,0.0,1.0,INVALID,val_conf=0.00,0.0,,
plate_crop_008.png,23,TRK_106,0.873,,,0.0,1.0,INVALID,val_conf=0.00,0.0,,
plate_crop_009.png,23,TRK_107,0.873,,,0.0,1.0,INVALID,val_conf=0.00,0.0,,
plate_crop_010.png,26,TRK_108,0.987,,,0.0,1.0,INVALID,val_conf=0.00,0.0,,
plate_crop_011.png,33,TRK_107,1.253,MC,MC,0.722,1.0,INVALID,val_conf=0.00,0.0,,
plate_crop_012.png,36,TRK_108,1.367,WGP19,WGP19,0.83,1.0,FORMAT_MISMATCH,val_conf=0.40,0.0,,
plate_crop_013.png,68,TRK_106,2.582,PTS5330,PTS5330,0.875,1.0,FORMAT_MISMATCH,val_conf=0.40,0.0,,
plate_crop_014.png,90,TRK_109,3.418,,,0.0,1.0,INVALID,val_conf=0.00,0.0,,
plate_crop_015.png,93,TRK_110,3.532,LA,LA,0.375,1.0,INVALID,val_conf=0.00,0.0,,
plate_crop_016.png,98,TRK_110,3.722,AL,AL,0.68,1.0,INVALID,val_conf=0.00,0.0,,
plate_crop_017.png,98,TRK_111,3.722,,,0.0,1.0,INVALID,val_conf=0.00,0.0,,
plate_crop_018.png,103,TRK_111,3.911,11,11,0.691,1.0,INVALID,val_conf=0.00,0.0,,
plate_crop_019.png,126,TRK_112,4.785,,,0.0,1.0,INVALID,val_conf=0.00,0.0,,
plate_crop_020.png,145,TRK_109,5.506,VV51N,VV51N,0.44,1.0,FORMAT_MISMATCH,val_conf=0.40,0.0,,
plate_crop_021.png,146,TRK_112,5.544,11,11,0.346,1.0,INVALID,val_conf=0.00,0.0,,
plate_crop_022.png,149,TRK_113,5.658,,,0.0,1.0,INVALID,val_conf=0.00,0.0,,
plate_crop_023.png,191,TRK_114,7.253,,,0.0,1.0,INVALID,val_conf=0.00,0.0,,
plate_crop_024.png,193,TRK_115,7.329,,,0.0,1.0,INVALID,val_conf=0.00,0.0,,
plate_crop_025.png,196,TRK_114,7.443,FNG219,FNG219,0.748,1.0,FORMAT_MISMATCH,val_conf=0.40,0.0,,
plate_crop_026.png,199,TRK_116,7.557,VN472,VN472,0.982,1.0,FORMAT_MISMATCH,val_conf=0.40,0.0,,
plate_crop_001.png,1,TRK_101,0.038,KW527,KW527,0.998,1.0,FORMAT_MISMATCH,val_conf=0.40,0.0,,
plate_crop_002.png,1,TRK_102,0.038,SX8525,SX8525,0.994,1.0,FORMAT_MISMATCH,val_conf=0.40,0.0,,
plate_crop_003.png,1,TRK_103,0.038,LR,LR,0.431,1.0,INVALID,val_conf=0.00,0.0,,
plate_crop_004.png,3,TRK_104,0.114,X0147,X0147,0.765,1.0,FORMAT_MISMATCH,val_conf=0.40,0.0,,
plate_crop_005.png,7,TRK_103,0.266,,,0.0,1.0,INVALID,val_conf=0.00,0.0,,
plate_crop_006.png,8,TRK_104,0.304,,,0.0,1.0,INVALID,val_conf=0.00,0.0,,
plate_crop_007.png,20,TRK_105,0.76,,,0.0,1.0,INVALID,val_conf=0.00,0.0,,
plate_crop_008.png,23,TRK_106,0.873,,,0.0,1.0,INVALID,val_conf=0.00,0.0,,
plate_crop_009.png,23,TRK_107,0.873,,,0.0,1.0,INVALID,val_conf=0.00,0.0,,
plate_crop_010.png,26,TRK_108,0.987,,,0.0,1.0,INVALID,val_conf=0.00,0.0,,
plate_crop_011.png,33,TRK_107,1.253,MC,MC,0.722,1.0,INVALID,val_conf=0.00,0.0,,
plate_crop_012.png,36,TRK_108,1.367,WGP19,WGP19,0.83,1.0,FORMAT_MISMATCH,val_conf=0.40,0.0,,
plate_crop_013.png,68,TRK_106,2.582,PTS5330,PTS5330,0.875,1.0,FORMAT_MISMATCH,val_conf=0.40,0.0,,
plate_crop_014.png,90,TRK_109,3.418,,,0.0,1.0,INVALID,val_conf=0.00,0.0,,
plate_crop_015.png,93,TRK_110,3.532,LA,LA,0.375,1.0,INVALID,val_conf=0.00,0.0,,
plate_crop_016.png,98,TRK_110,3.722,AL,AL,0.68,1.0,INVALID,val_conf=0.00,0.0,,
plate_crop_017.png,98,TRK_111,3.722,,,0.0,1.0,INVALID,val_conf=0.00,0.0,,
plate_crop_018.png,103,TRK_111,3.911,11,11,0.691,1.0,INVALID,val_conf=0.00,0.0,,
plate_crop_019.png,126,TRK_112,4.785,,,0.0,1.0,INVALID,val_conf=0.00,0.0,,
plate_crop_020.png,145,TRK_109,5.506,VV51N,VV51N,0.44,1.0,FORMAT_MISMATCH,val_conf=0.40,0.0,,
plate_crop_021.png,146,TRK_112,5.544,11,11,0.346,1.0,INVALID,val_conf=0.00,0.0,,
plate_crop_022.png,149,TRK_113,5.658,,,0.0,1.0,INVALID,val_conf=0.00,0.0,,
plate_crop_023.png,191,TRK_114,7.253,,,0.0,1.0,INVALID,val_conf=0.00,0.0,,
plate_crop_024.png,193,TRK_115,7.329,,,0.0,1.0,INVALID,val_conf=0.00,0.0,,
plate_crop_025.png,196,TRK_114,7.443,FNG219,FNG219,0.748,1.0,FORMAT_MISMATCH,val_conf=0.40,0.0,,
plate_crop_026.png,199,TRK_116,7.557,VN472,VN472,0.982,1.0,FORMAT_MISMATCH,val_conf=0.40,0.0,,
plate_crop_027.png,204,TRK_116,7.747,VN,VN,0.914,1.0,INVALID,val_conf=0.00,0.0,,
plate_crop_028.png,232,TRK_117,8.81,,,0.0,1.0,INVALID,val_conf=0.00,0.0,,
plate_crop_029.png,235,TRK_118,8.924,,,0.0,1.0,INVALID,val_conf=0.00,0.0,,
plate_crop_030.png,237,TRK_117,9.0,FJZ8479,FJZ8479,0.819,1.0,FORMAT_MISMATCH,val_conf=0.40,0.0,,
plate_crop_001.png,1,TRK_101,0.038,KW527,KW527,0.998,1.0,FORMAT_MISMATCH,val_conf=0.40,0.0,,
plate_crop_002.png,1,TRK_102,0.038,SX8525,SX8525,0.994,1.0,FORMAT_MISMATCH,val_conf=0.40,0.0,,
plate_crop_003.png,1,TRK_103,0.038,LR,LR,0.431,1.0,INVALID,val_conf=0.00,0.0,,
plate_crop_004.png,3,TRK_104,0.114,X0147,X0147,0.765,1.0,FORMAT_MISMATCH,val_conf=0.40,0.0,,
plate_crop_005.png,7,TRK_103,0.266,,,0.0,1.0,INVALID,val_conf=0.00,0.0,,
plate_crop_006.png,8,TRK_104,0.304,,,0.0,1.0,INVALID,val_conf=0.00,0.0,,
plate_crop_007.png,20,TRK_105,0.76,,,0.0,1.0,INVALID,val_conf=0.00,0.0,,
plate_crop_008.png,23,TRK_106,0.873,,,0.0,1.0,INVALID,val_conf=0.00,0.0,,
plate_crop_009.png,23,TRK_107,0.873,,,0.0,1.0,INVALID,val_conf=0.00,0.0,,
plate_crop_010.png,26,TRK_108,0.987,,,0.0,1.0,INVALID,val_conf=0.00,0.0,,
plate_crop_011.png,33,TRK_107,1.253,MC,MC,0.722,1.0,INVALID,val_conf=0.00,0.0,,
plate_crop_012.png,36,TRK_108,1.367,WGP19,WGP19,0.83,1.0,FORMAT_MISMATCH,val_conf=0.40,0.0,,
plate_crop_013.png,68,TRK_106,2.582,PTS5330,PTS5330,0.875,1.0,FORMAT_MISMATCH,val_conf=0.40,0.0,,
plate_crop_014.png,90,TRK_109,3.418,,,0.0,1.0,INVALID,val_conf=0.00,0.0,,
plate_crop_015.png,93,TRK_110,3.532,LA,LA,0.375,1.0,INVALID,val_conf=0.00,0.0,,
plate_crop_016.png,98,TRK_110,3.722,AL,AL,0.68,1.0,INVALID,val_conf=0.00,0.0,,
plate_crop_017.png,98,TRK_111,3.722,,,0.0,1.0,INVALID,val_conf=0.00,0.0,,
plate_crop_018.png,103,TRK_111,3.911,11,11,0.691,1.0,INVALID,val_conf=0.00,0.0,,
plate_crop_019.png,126,TRK_112,4.785,,,0.0,1.0,INVALID,val_conf=0.00,0.0,,
plate_crop_020.png,145,TRK_109,5.506,VV51N,VV51N,0.44,1.0,FORMAT_MISMATCH,val_conf=0.40,0.0,,
plate_crop_021.png,146,TRK_112,5.544,11,11,0.346,1.0,INVALID,val_conf=0.00,0.0,,
plate_crop_022.png,149,TRK_113,5.658,,,0.0,1.0,INVALID,val_conf=0.00,0.0,,
plate_crop_023.png,191,TRK_114,7.253,,,0.0,1.0,INVALID,val_conf=0.00,0.0,,
plate_crop_024.png,193,TRK_115,7.329,,,0.0,1.0,INVALID,val_conf=0.00,0.0,,
plate_crop_025.png,196,TRK_114,7.443,FNG219,FNG219,0.748,1.0,FORMAT_MISMATCH,val_conf=0.40,0.0,,
plate_crop_026.png,199,TRK_116,7.557,VN472,VN472,0.982,1.0,FORMAT_MISMATCH,val_conf=0.40,0.0,,
plate_crop_027.png,204,TRK_116,7.747,VN,VN,0.914,1.0,INVALID,val_conf=0.00,0.0,,
plate_crop_028.png,232,TRK_117,8.81,,,0.0,1.0,INVALID,val_conf=0.00,0.0,,
plate_crop_029.png,235,TRK_118,8.924,,,0.0,1.0,INVALID,val_conf=0.00,0.0,,
plate_crop_030.png,237,TRK_117,9.0,FJZ8479,FJZ8479,0.819,1.0,FORMAT_MISMATCH,val_conf=0.40,0.0,,
plate_crop_001.png,1,TRK_101,0.038,KW527,KW527,0.998,1.0,FORMAT_MISMATCH,val_conf=0.40,0.0,,
plate_crop_002.png,1,TRK_102,0.038,SX8525,SX8525,0.994,1.0,FORMAT_MISMATCH,val_conf=0.40,0.0,,
plate_crop_003.png,1,TRK_103,0.038,LR,LR,0.431,1.0,INVALID,val_conf=0.00,0.0,,
plate_crop_004.png,3,TRK_104,0.114,X0147,X0147,0.765,1.0,FORMAT_MISMATCH,val_conf=0.40,0.0,,
plate_crop_005.png,7,TRK_103,0.266,,,0.0,1.0,INVALID,val_conf=0.00,0.0,,
plate_crop_006.png,8,TRK_104,0.304,,,0.0,1.0,INVALID,val_conf=0.00,0.0,,
plate_crop_007.png,20,TRK_105,0.76,,,0.0,1.0,INVALID,val_conf=0.00,0.0,,
plate_crop_008.png,23,TRK_106,0.873,,,0.0,1.0,INVALID,val_conf=0.00,0.0,,
plate_crop_009.png,23,TRK_107,0.873,,,0.0,1.0,INVALID,val_conf=0.00,0.0,,
plate_crop_010.png,26,TRK_108,0.987,,,0.0,1.0,INVALID,val_conf=0.00,0.0,,
plate_crop_011.png,33,TRK_107,1.253,MC,MC,0.722,1.0,INVALID,val_conf=0.00,0.0,,
plate_crop_012.png,36,TRK_108,1.367,WGP19,WGP19,0.83,1.0,FORMAT_MISMATCH,val_conf=0.40,0.0,,
plate_crop_013.png,68,TRK_106,2.582,PTS5330,PTS5330,0.875,1.0,FORMAT_MISMATCH,val_conf=0.40,0.0,,
plate_crop_014.png,90,TRK_109,3.418,,,0.0,1.0,INVALID,val_conf=0.00,0.0,,
plate_crop_015.png,93,TRK_110,3.532,LA,LA,0.375,1.0,INVALID,val_conf=0.00,0.0,,
plate_crop_016.png,98,TRK_110,3.722,AL,AL,0.68,1.0,INVALID,val_conf=0.00,0.0,,
plate_crop_017.png,98,TRK_111,3.722,,,0.0,1.0,INVALID,val_conf=0.00,0.0,,
plate_crop_018.png,103,TRK_111,3.911,11,11,0.691,1.0,INVALID,val_conf=0.00,0.0,,
plate_crop_019.png,126,TRK_112,4.785,,,0.0,1.0,INVALID,val_conf=0.00,0.0,,
plate_crop_020.png,145,TRK_109,5.506,VV51N,VV51N,0.44,1.0,FORMAT_MISMATCH,val_conf=0.40,0.0,,
plate_crop_021.png,146,TRK_112,5.544,11,11,0.346,1.0,INVALID,val_conf=0.00,0.0,,
plate_crop_022.png,149,TRK_113,5.658,,,0.0,1.0,INVALID,val_conf=0.00,0.0,,
plate_crop_001.png,1,TRK_101,0.038,KW527,KW527,0.998,1.0,FORMAT_MISMATCH,val_conf=0.40,0.0,,
plate_crop_002.png,1,TRK_102,0.038,SX8525,SX8525,0.994,1.0,FORMAT_MISMATCH,val_conf=0.40,0.0,,
plate_crop_003.png,1,TRK_103,0.038,LR,LR,0.431,1.0,INVALID,val_conf=0.00,0.0,,
plate_crop_004.png,3,TRK_104,0.114,X0147,X0147,0.765,1.0,FORMAT_MISMATCH,val_conf=0.40,0.0,,
plate_crop_005.png,7,TRK_103,0.266,,,0.0,1.0,INVALID,val_conf=0.00,0.0,,
plate_crop_006.png,8,TRK_104,0.304,,,0.0,1.0,INVALID,val_conf=0.00,0.0,,
plate_crop_007.png,20,TRK_105,0.76,,,0.0,1.0,INVALID,val_conf=0.00,0.0,,
plate_crop_008.png,23,TRK_106,0.873,,,0.0,1.0,INVALID,val_conf=0.00,0.0,,
plate_crop_009.png,23,TRK_107,0.873,,,0.0,1.0,INVALID,val_conf=0.00,0.0,,
plate_crop_010.png,26,TRK_108,0.987,,,0.0,1.0,INVALID,val_conf=0.00,0.0,,
plate_crop_023.png,191,TRK_114,7.253,,,0.0,1.0,INVALID,val_conf=0.00,0.0,,
plate_crop_024.png,193,TRK_115,7.329,,,0.0,1.0,INVALID,val_conf=0.00,0.0,,
plate_crop_025.png,196,TRK_114,7.443,FNG219,FNG219,0.748,1.0,FORMAT_MISMATCH,val_conf=0.40,0.0,,
plate_crop_011.png,33,TRK_107,1.253,MC,MC,0.722,1.0,INVALID,val_conf=0.00,0.0,,
plate_crop_012.png,36,TRK_108,1.367,WGP19,WGP19,0.83,1.0,FORMAT_MISMATCH,val_conf=0.40,0.0,,
plate_crop_026.png,199,TRK_116,7.557,VN472,VN472,0.982,1.0,FORMAT_MISMATCH,val_conf=0.40,0.0,,
plate_crop_027.png,204,TRK_116,7.747,VN,VN,0.914,1.0,INVALID,val_conf=0.00,0.0,,
plate_crop_013.png,68,TRK_106,2.582,PTS5330,PTS5330,0.875,1.0,FORMAT_MISMATCH,val_conf=0.40,0.0,,
plate_crop_014.png,90,TRK_109,3.418,,,0.0,1.0,INVALID,val_conf=0.00,0.0,,
plate_crop_015.png,93,TRK_110,3.532,LA,LA,0.375,1.0,INVALID,val_conf=0.00,0.0,,
plate_crop_016.png,98,TRK_110,3.722,AL,AL,0.68,1.0,INVALID,val_conf=0.00,0.0,,
plate_crop_017.png,98,TRK_111,3.722,,,0.0,1.0,INVALID,val_conf=0.00,0.0,,
plate_crop_018.png,103,TRK_111,3.911,11,11,0.691,1.0,INVALID,val_conf=0.00,0.0,,
plate_crop_028.png,232,TRK_117,8.81,,,0.0,1.0,INVALID,val_conf=0.00,0.0,,
plate_crop_029.png,235,TRK_118,8.924,,,0.0,1.0,INVALID,val_conf=0.00,0.0,,
plate_crop_030.png,237,TRK_117,9.0,FJZ8479,FJZ8479,0.819,1.0,FORMAT_MISMATCH,val_conf=0.40,0.0,,
plate_crop_019.png,126,TRK_112,4.785,,,0.0,1.0,INVALID,val_conf=0.00,0.0,,
plate_crop_020.png,145,TRK_109,5.506,VV51N,VV51N,0.44,1.0,FORMAT_MISMATCH,val_conf=0.40,0.0,,
plate_crop_021.png,146,TRK_112,5.544,11,11,0.346,1.0,INVALID,val_conf=0.00,0.0,,
plate_crop_022.png,149,TRK_113,5.658,,,0.0,1.0,INVALID,val_conf=0.00,0.0,,
plate_crop_023.png,191,TRK_114,7.253,,,0.0,1.0,INVALID,val_conf=0.00,0.0,,
plate_crop_024.png,193,TRK_115,7.329,,,0.0,1.0,INVALID,val_conf=0.00,0.0,,
plate_crop_025.png,196,TRK_114,7.443,FNG219,FNG219,0.748,1.0,FORMAT_MISMATCH,val_conf=0.40,0.0,,
plate_crop_026.png,199,TRK_116,7.557,VN472,VN472,0.982,1.0,FORMAT_MISMATCH,val_conf=0.40,0.0,,
plate_crop_027.png,204,TRK_116,7.747,VN,VN,0.914,1.0,INVALID,val_conf=0.00,0.0,,
plate_crop_028.png,232,TRK_117,8.81,,,0.0,1.0,INVALID,val_conf=0.00,0.0,,
plate_crop_029.png,235,TRK_118,8.924,,,0.0,1.0,INVALID,val_conf=0.00,0.0,,
plate_crop_030.png,237,TRK_117,9.0,FJZ8479,FJZ8479,0.819,1.0,FORMAT_MISMATCH,val_conf=0.40,0.0,,
plate_crop_001.png,1,TRK_101,0.038,KW527,KW527,0.998,1.0,FORMAT_MISMATCH,val_conf=0.40,0.0,,
plate_crop_002.png,1,TRK_102,0.038,SX8525,SX8525,0.994,1.0,FORMAT_MISMATCH,val_conf=0.40,0.0,,
plate_crop_003.png,1,TRK_103,0.038,LR,LR,0.431,1.0,INVALID,val_conf=0.00,0.0,,
plate_crop_004.png,3,TRK_104,0.114,X0147,X0147,0.765,1.0,FORMAT_MISMATCH,val_conf=0.40,0.0,,
plate_crop_005.png,7,TRK_103,0.266,,,0.0,1.0,INVALID,val_conf=0.00,0.0,,
plate_crop_006.png,8,TRK_104,0.304,,,0.0,1.0,INVALID,val_conf=0.00,0.0,,
plate_crop_007.png,20,TRK_105,0.76,,,0.0,1.0,INVALID,val_conf=0.00,0.0,,
plate_crop_008.png,23,TRK_106,0.873,,,0.0,1.0,INVALID,val_conf=0.00,0.0,,
plate_crop_009.png,23,TRK_107,0.873,,,0.0,1.0,INVALID,val_conf=0.00,0.0,,
plate_crop_010.png,26,TRK_108,0.987,,,0.0,1.0,INVALID,val_conf=0.00,0.0,,
plate_crop_011.png,33,TRK_107,1.253,MC,MC,0.722,1.0,INVALID,val_conf=0.00,0.0,,
plate_crop_012.png,36,TRK_108,1.367,WGP19,WGP19,0.83,1.0,FORMAT_MISMATCH,val_conf=0.40,0.0,,
plate_crop_013.png,68,TRK_106,2.582,PTS5330,PTS5330,0.875,1.0,FORMAT_MISMATCH,val_conf=0.40,0.0,,
plate_crop_014.png,90,TRK_109,3.418,,,0.0,1.0,INVALID,val_conf=0.00,0.0,,
plate_crop_015.png,93,TRK_110,3.532,LA,LA,0.375,1.0,INVALID,val_conf=0.00,0.0,,
plate_crop_016.png,98,TRK_110,3.722,AL,AL,0.68,1.0,INVALID,val_conf=0.00,0.0,,
plate_crop_017.png,98,TRK_111,3.722,,,0.0,1.0,INVALID,val_conf=0.00,0.0,,
plate_crop_018.png,103,TRK_111,3.911,11,11,0.691,1.0,INVALID,val_conf=0.00,0.0,,
plate_crop_019.png,126,TRK_112,4.785,,,0.0,1.0,INVALID,val_conf=0.00,0.0,,
plate_crop_020.png,143,TRK_109,5.43,VK70,VK70,0.854,1.0,INVALID,val_conf=0.00,0.0,,
plate_crop_021.png,146,TRK_112,5.544,11,11,0.346,1.0,INVALID,val_conf=0.00,0.0,,
plate_crop_022.png,149,TRK_113,5.658,,,0.0,1.0,INVALID,val_conf=0.00,0.0,,
plate_crop_023.png,191,TRK_114,7.253,,,0.0,1.0,INVALID,val_conf=0.00,0.0,,
plate_crop_024.png,193,TRK_115,7.329,,,0.0,1.0,INVALID,val_conf=0.00,0.0,,
plate_crop_025.png,196,TRK_114,7.443,FNG219,FNG219,0.748,1.0,FORMAT_MISMATCH,val_conf=0.40,0.0,,
plate_crop_026.png,199,TRK_116,7.557,VN472,VN472,0.982,1.0,FORMAT_MISMATCH,val_conf=0.40,0.0,,
plate_crop_027.png,204,TRK_116,7.747,VN,VN,0.914,1.0,INVALID,val_conf=0.00,0.0,,
plate_crop_028.png,232,TRK_117,8.81,,,0.0,1.0,INVALID,val_conf=0.00,0.0,,
plate_crop_029.png,235,TRK_118,8.924,,,0.0,1.0,INVALID,val_conf=0.00,0.0,,
plate_crop_030.png,237,TRK_117,9.0,FJZ8479,FJZ8479,0.819,1.0,FORMAT_MISMATCH,val_conf=0.40,0.0,,
plate_crop_001.png,1,TRK_101,0.038,KW527,KW527,0.998,1.0,FORMAT_MISMATCH,val_conf=0.40,0.0,,
plate_crop_002.png,1,TRK_102,0.038,SX8525,SX8525,0.994,1.0,FORMAT_MISMATCH,val_conf=0.40,0.0,,
plate_crop_003.png,1,TRK_103,0.038,LR,LR,0.431,1.0,INVALID,val_conf=0.00,0.0,,
plate_crop_004.png,3,TRK_104,0.114,X0147,X0147,0.765,1.0,FORMAT_MISMATCH,val_conf=0.40,0.0,,
plate_crop_005.png,7,TRK_103,0.266,,,0.0,1.0,INVALID,val_conf=0.00,0.0,,
plate_crop_006.png,8,TRK_104,0.304,,,0.0,1.0,INVALID,val_conf=0.00,0.0,,
plate_crop_007.png,20,TRK_105,0.76,,,0.0,1.0,INVALID,val_conf=0.00,0.0,,
plate_crop_008.png,23,TRK_106,0.873,,,0.0,1.0,INVALID,val_conf=0.00,0.0,,
plate_crop_009.png,23,TRK_107,0.873,,,0.0,1.0,INVALID,val_conf=0.00,0.0,,
plate_crop_010.png,26,TRK_108,0.987,,,0.0,1.0,INVALID,val_conf=0.00,0.0,,
plate_crop_011.png,33,TRK_107,1.253,MC,MC,0.722,1.0,INVALID,val_conf=0.00,0.0,,
plate_crop_012.png,36,TRK_108,1.367,WGP19,WGP19,0.83,1.0,FORMAT_MISMATCH,val_conf=0.40,0.0,,
plate_crop_013.png,68,TRK_106,2.582,PTS5330,PTS5330,0.875,1.0,FORMAT_MISMATCH,val_conf=0.40,0.0,,
plate_crop_014.png,90,TRK_109,3.418,,,0.0,1.0,INVALID,val_conf=0.00,0.0,,
plate_crop_015.png,93,TRK_110,3.532,LA,LA,0.375,1.0,INVALID,val_conf=0.00,0.0,,
plate_crop_016.png,98,TRK_110,3.722,AL,AL,0.68,1.0,INVALID,val_conf=0.00,0.0,,
plate_crop_017.png,98,TRK_111,3.722,,,0.0,1.0,INVALID,val_conf=0.00,0.0,,
plate_crop_018.png,103,TRK_111,3.911,11,11,0.691,1.0,INVALID,val_conf=0.00,0.0,,
plate_crop_019.png,126,TRK_112,4.785,,,0.0,1.0,INVALID,val_conf=0.00,0.0,,
plate_crop_020.png,143,TRK_109,5.43,VK70,VK70,0.854,1.0,INVALID,val_conf=0.00,0.0,,
plate_crop_021.png,146,TRK_112,5.544,11,11,0.346,1.0,INVALID,val_conf=0.00,0.0,,
plate_crop_022.png,149,TRK_113,5.658,,,0.0,1.0,INVALID,val_conf=0.00,0.0,,
plate_crop_023.png,191,TRK_114,7.253,,,0.0,1.0,INVALID,val_conf=0.00,0.0,,
plate_crop_024.png,193,TRK_115,7.329,,,0.0,1.0,INVALID,val_conf=0.00,0.0,,
plate_crop_025.png,196,TRK_114,7.443,FNG219,FNG219,0.748,1.0,FORMAT_MISMATCH,val_conf=0.40,0.0,,
plate_crop_026.png,199,TRK_116,7.557,VN472,VN472,0.982,1.0,FORMAT_MISMATCH,val_conf=0.40,0.0,,
plate_crop_027.png,204,TRK_116,7.747,VN,VN,0.914,1.0,INVALID,val_conf=0.00,0.0,,
plate_crop_028.png,232,TRK_117,8.81,,,0.0,1.0,INVALID,val_conf=0.00,0.0,,
plate_crop_029.png,235,TRK_118,8.924,,,0.0,1.0,INVALID,val_conf=0.00,0.0,,
plate_crop_030.png,237,TRK_117,9.0,FJZ8479,FJZ8479,0.819,1.0,FORMAT_MISMATCH,val_conf=0.40,0.0,,
plate_crop_001.png,1,TRK_101,0.038,KW527,KW527,0.998,1.0,FORMAT_MISMATCH,val_conf=0.40,0.0,,
plate_crop_002.png,1,TRK_102,0.038,SX8525,SX8525,0.994,1.0,FORMAT_MISMATCH,val_conf=0.40,0.0,,
plate_crop_003.png,1,TRK_103,0.038,LR,LR,0.431,1.0,INVALID,val_conf=0.00,0.0,,
plate_crop_004.png,3,TRK_104,0.114,X0147,X0147,0.765,1.0,FORMAT_MISMATCH,val_conf=0.40,0.0,,
plate_crop_005.png,7,TRK_103,0.266,,,0.0,1.0,INVALID,val_conf=0.00,0.0,,
plate_crop_006.png,8,TRK_104,0.304,,,0.0,1.0,INVALID,val_conf=0.00,0.0,,
plate_crop_007.png,20,TRK_105,0.76,,,0.0,1.0,INVALID,val_conf=0.00,0.0,,
plate_crop_008.png,23,TRK_106,0.873,,,0.0,1.0,INVALID,val_conf=0.00,0.0,,
plate_crop_009.png,23,TRK_107,0.873,,,0.0,1.0,INVALID,val_conf=0.00,0.0,,
plate_crop_010.png,26,TRK_108,0.987,,,0.0,1.0,INVALID,val_conf=0.00,0.0,,
plate_crop_011.png,33,TRK_107,1.253,MC,MC,0.722,1.0,INVALID,val_conf=0.00,0.0,,
plate_crop_012.png,36,TRK_108,1.367,WGP19,WGP19,0.83,1.0,FORMAT_MISMATCH,val_conf=0.40,0.0,,
plate_crop_001.png,1,TRK_101,0.038,KW527,KW527,0.998,1.0,FORMAT_MISMATCH,val_conf=0.40,0.0,,
plate_crop_002.png,1,TRK_102,0.038,SX8525,SX8525,0.994,1.0,FORMAT_MISMATCH,val_conf=0.40,0.0,,
plate_crop_003.png,1,TRK_103,0.038,LR,LR,0.431,1.0,INVALID,val_conf=0.00,0.0,,
plate_crop_004.png,3,TRK_104,0.114,X0147,X0147,0.765,1.0,FORMAT_MISMATCH,val_conf=0.40,0.0,,
plate_crop_001.png,1,TRK_101,0.038,KW527,KW527,0.998,1.0,FORMAT_MISMATCH,val_conf=0.40,0.0,,
plate_crop_002.png,1,TRK_102,0.038,SX8525,SX8525,0.994,1.0,FORMAT_MISMATCH,val_conf=0.40,0.0,,
plate_crop_003.png,1,TRK_103,0.038,LR,LR,0.431,1.0,INVALID,val_conf=0.00,0.0,,
plate_crop_004.png,3,TRK_104,0.114,X0147,X0147,0.765,1.0,FORMAT_MISMATCH,val_conf=0.40,0.0,,
plate_crop_005.png,7,TRK_103,0.266,,,0.0,1.0,INVALID,val_conf=0.00,0.0,,
plate_crop_006.png,8,TRK_104,0.304,,,0.0,1.0,INVALID,val_conf=0.00,0.0,,
plate_crop_007.png,20,TRK_105,0.76,,,0.0,1.0,INVALID,val_conf=0.00,0.0,,
plate_crop_008.png,23,TRK_106,0.873,,,0.0,1.0,INVALID,val_conf=0.00,0.0,,
plate_crop_009.png,23,TRK_107,0.873,,,0.0,1.0,INVALID,val_conf=0.00,0.0,,
plate_crop_010.png,26,TRK_108,0.987,,,0.0,1.0,INVALID,val_conf=0.00,0.0,,
plate_crop_011.png,33,TRK_107,1.253,MC,MC,0.722,1.0,INVALID,val_conf=0.00,0.0,,
plate_crop_012.png,36,TRK_108,1.367,WGP19,WGP19,0.83,1.0,FORMAT_MISMATCH,val_conf=0.40,0.0,,
plate_crop_013.png,68,TRK_106,2.582,PTS5330,PTS5330,0.875,1.0,FORMAT_MISMATCH,val_conf=0.40,0.0,,
plate_crop_014.png,90,TRK_109,3.418,,,0.0,1.0,INVALID,val_conf=0.00,0.0,,
plate_crop_015.png,93,TRK_110,3.532,LA,LA,0.375,1.0,INVALID,val_conf=0.00,0.0,,
plate_crop_016.png,98,TRK_110,3.722,AL,AL,0.68,1.0,INVALID,val_conf=0.00,0.0,,
plate_crop_017.png,98,TRK_111,3.722,,,0.0,1.0,INVALID,val_conf=0.00,0.0,,
plate_crop_018.png,103,TRK_111,3.911,11,11,0.691,1.0,INVALID,val_conf=0.00,0.0,,
plate_crop_019.png,126,TRK_112,4.785,,,0.0,1.0,INVALID,val_conf=0.00,0.0,,
plate_crop_020.png,143,TRK_109,5.43,VK70,VK70,0.854,1.0,INVALID,val_conf=0.00,0.0,,
plate_crop_021.png,146,TRK_112,5.544,11,11,0.346,1.0,INVALID,val_conf=0.00,0.0,,
plate_crop_022.png,149,TRK_113,5.658,,,0.0,1.0,INVALID,val_conf=0.00,0.0,,
plate_crop_023.png,191,TRK_114,7.253,,,0.0,1.0,INVALID,val_conf=0.00,0.0,,
plate_crop_024.png,193,TRK_115,7.329,,,0.0,1.0,INVALID,val_conf=0.00,0.0,,
plate_crop_025.png,196,TRK_114,7.443,FNG219,FNG219,0.748,1.0,FORMAT_MISMATCH,val_conf=0.40,0.0,,
plate_crop_026.png,199,TRK_116,7.557,VN472,VN472,0.982,1.0,FORMAT_MISMATCH,val_conf=0.40,0.0,,
plate_crop_027.png,204,TRK_116,7.747,VN,VN,0.914,1.0,INVALID,val_conf=0.00,0.0,,
plate_crop_028.png,232,TRK_117,8.81,,,0.0,1.0,INVALID,val_conf=0.00,0.0,,
plate_crop_029.png,235,TRK_118,8.924,,,0.0,1.0,INVALID,val_conf=0.00,0.0,,
plate_crop_030.png,237,TRK_117,9.0,FJZ8479,FJZ8479,0.819,1.0,FORMAT_MISMATCH,val_conf=0.40,0.0,,
plate_crop_001.png,1,TRK_101,0.038,KW527,KW527,0.998,1.0,FORMAT_MISMATCH,val_conf=0.40,0.0,,
plate_crop_002.png,1,TRK_102,0.038,SX8525,SX8525,0.994,1.0,FORMAT_MISMATCH,val_conf=0.40,0.0,,
plate_crop_003.png,1,TRK_103,0.038,LR,LR,0.431,1.0,INVALID,val_conf=0.00,0.0,,
plate_crop_001.png,1,TRK_101,10.038,KW527,KW527,0.998,1.0,FORMAT_MISMATCH,val_conf=0.40,0.0,,
plate_crop_002.png,1,TRK_102,10.038,SX8525,SX8525,0.994,1.0,FORMAT_MISMATCH,val_conf=0.40,0.0,,
plate_crop_003.png,1,TRK_103,10.038,LR,LR,0.431,1.0,INVALID,val_conf=0.00,0.0,,
plate_crop_004.png,3,TRK_104,0.114,X0147,X0147,0.765,1.0,FORMAT_MISMATCH,val_conf=0.40,0.0,,
plate_crop_004.png,3,TRK_104,10.114,X0147,X0147,0.765,1.0,FORMAT_MISMATCH,val_conf=0.40,0.0,,
plate_crop_005.png,7,TRK_103,0.266,,,0.0,1.0,INVALID,val_conf=0.00,0.0,,
plate_crop_005.png,7,TRK_103,10.266,,,0.0,1.0,INVALID,val_conf=0.00,0.0,,
plate_crop_006.png,8,TRK_104,0.304,,,0.0,1.0,INVALID,val_conf=0.00,0.0,,
plate_crop_006.png,8,TRK_104,10.304,,,0.0,1.0,INVALID,val_conf=0.00,0.0,,
plate_crop_001.png,1,TRK_101,0.038,KW527,KW527,0.998,1.0,FORMAT_MISMATCH,val_conf=0.40,0.0,,
plate_crop_001.png,1,TRK_101,10.038,KW527,KW527,0.998,1.0,FORMAT_MISMATCH,val_conf=0.40,0.0,,
plate_crop_002.png,1,TRK_102,0.038,SX8525,SX8525,0.994,1.0,FORMAT_MISMATCH,val_conf=0.40,0.0,,
plate_crop_002.png,1,TRK_102,10.038,SX8525,SX8525,0.994,1.0,FORMAT_MISMATCH,val_conf=0.40,0.0,,
plate_crop_003.png,1,TRK_103,0.038,LR,LR,0.431,1.0,INVALID,val_conf=0.00,0.0,,
plate_crop_003.png,1,TRK_103,10.038,LR,LR,0.431,1.0,INVALID,val_conf=0.00,0.0,,
plate_crop_004.png,3,TRK_104,0.114,X0147,X0147,0.765,1.0,FORMAT_MISMATCH,val_conf=0.40,0.0,,
plate_crop_004.png,3,TRK_104,10.114,X0147,X0147,0.765,1.0,FORMAT_MISMATCH,val_conf=0.40,0.0,,
plate_crop_005.png,7,TRK_103,0.266,,,0.0,1.0,INVALID,val_conf=0.00,0.0,,
plate_crop_005.png,7,TRK_103,10.266,,,0.0,1.0,INVALID,val_conf=0.00,0.0,,
plate_crop_006.png,8,TRK_104,0.304,,,0.0,1.0,INVALID,val_conf=0.00,0.0,,
plate_crop_006.png,8,TRK_104,10.304,,,0.0,1.0,INVALID,val_conf=0.00,0.0,,
plate_crop_001.png,1,TRK_101,0.038,KW527,KW527,0.998,1.0,FORMAT_MISMATCH,val_conf=0.40,0.0,,
plate_crop_002.png,1,TRK_102,0.038,SX8525,SX8525,0.994,1.0,FORMAT_MISMATCH,val_conf=0.40,0.0,,
plate_crop_003.png,1,TRK_103,0.038,LR,LR,0.431,1.0,INVALID,val_conf=0.00,0.0,,
plate_crop_001.png,1,TRK_101,12.038,KW527,KW527,0.998,1.0,FORMAT_MISMATCH,val_conf=0.40,0.0,,
plate_crop_002.png,1,TRK_102,12.038,SX8525,SX8525,0.994,1.0,FORMAT_MISMATCH,val_conf=0.40,0.0,,
plate_crop_003.png,1,TRK_103,12.038,LR,LR,0.431,1.0,INVALID,val_conf=0.00,0.0,,
plate_crop_004.png,4,TRK_104,0.152,XC147,XC147,0.68,1.0,FORMAT_MISMATCH,val_conf=0.40,0.0,,
plate_crop_004.png,4,TRK_104,12.152,XC147,XC147,0.68,1.0,FORMAT_MISMATCH,val_conf=0.40,0.0,,
plate_crop_005.png,7,TRK_103,0.266,LL,LL,0.562,1.0,INVALID,val_conf=0.00,0.0,,
plate_crop_005.png,7,TRK_103,12.266,LL,LL,0.562,1.0,INVALID,val_conf=0.00,0.0,,
plate_crop_006.png,10,TRK_104,0.38,,,0.0,1.0,INVALID,val_conf=0.00,0.0,,
plate_crop_006.png,10,TRK_104,12.38,,,0.0,1.0,INVALID,val_conf=0.00,0.0,,
plate_crop_007.png,25,TRK_105,0.949,,,0.0,1.0,INVALID,val_conf=0.00,0.0,,
plate_crop_008.png,25,TRK_106,0.949,,,0.0,1.0,INVALID,val_conf=0.00,0.0,,
plate_crop_007.png,25,TRK_105,12.949,,,0.0,1.0,INVALID,val_conf=0.00,0.0,,
plate_crop_008.png,25,TRK_106,12.949,,,0.0,1.0,INVALID,val_conf=0.00,0.0,,
plate_crop_009.png,37,TRK_105,1.405,17,17,0.537,1.0,INVALID,val_conf=0.00,0.0,,
plate_crop_009.png,37,TRK_105,13.405,17,17,0.537,1.0,INVALID,val_conf=0.00,0.0,,
